state,state_code,sector_name,age_band,gender_name,n_unweighted,adult_pop,upi_capable_rate,upi_capable_pop,unreliable,gap_pop
Uttar Pradesh,09,Rural,45-59,Female,761.0,9480878.530000001,0.0802159839505928,760518.0,False,8720360.530000001
Uttar Pradesh,09,Rural,15-24,Female,1088.0,13658224.690000001,0.41964586467789317,5731617.51,False,7926607.180000002
Uttar Pradesh,09,Rural,45-59,Male,802.0,9956358.27,0.2210486716444767,2200839.77,False,7755518.5
Uttar Pradesh,09,Rural,25-34,Female,936.0,11435917.11,0.33570645826410683,3839111.23,False,7596805.879999999
Uttar Pradesh,09,Rural,35-44,Female,713.0,8975347.5,0.19969061587866097,1792292.67,False,7183054.83
Uttar Pradesh,09,Rural,60+,Female,504.0,6171054.92,0.036539143294482296,225485.06,False,5945569.86
Uttar Pradesh,09,Rural,60+,Male,523.0,6217862.55,0.09758323782824693,606759.1599999999,False,5611103.39
Bihar,10,Rural,15-24,Female,731.0,9191337.809999999,0.40388361158493863,3712230.71,False,5479107.099999999
West Bengal,19,Rural,45-59,Female,396.0,5730394.4,0.04620685445315945,264783.5,False,5465610.9
Uttar Pradesh,09,Rural,15-24,Male,1246.0,15739879.02,0.667872343023892,10512229.88,False,5227649.139999999
Uttar Pradesh,09,Rural,35-44,Male,705.0,8941763.32,0.45129638814908823,4035385.4899999998,False,4906377.83
Maharashtra,27,Rural,45-59,Female,548.0,5402146.61,0.09823580111980706,530684.2,False,4871462.41
Bihar,10,Rural,45-59,Female,419.0,5550747.609999999,0.13786288330266921,765242.07,False,4785505.539999999
Bihar,10,Rural,35-44,Female,466.0,5922179.33,0.20439400642060596,1210457.96,False,4711721.37
Bihar,10,Rural,25-34,Female,550.0,7269744.220000001,0.3872250487514401,2815027.06,False,4454717.16
West Bengal,19,Rural,45-59,Male,364.0,5227073.4,0.2333391970351899,1219681.11,False,4007392.29
West Bengal,19,Rural,25-34,Female,410.0,5792295.17,0.31192241710292534,1806746.71,False,3985548.46
West Bengal,19,Rural,60+,Male,295.0,4213387.68,0.07147299106357098,301143.42000000004,False,3912244.26
Bihar,10,Rural,45-59,Male,417.0,5509757.98,0.3139066464040948,1729549.65,False,3780208.3300000005
Maharashtra,27,Rural,60+,Male,453.0,4088638.45,0.11652191697214019,476415.99,False,3612222.46
Maharashtra,27,Rural,60+,Female,419.0,3682056.6900000004,0.03338834796701622,122937.79000000001,False,3559118.9000000004
West Bengal,19,Rural,35-44,Female,304.0,4303240.16,0.1761442498714736,757991.01,False,3545249.1500000004
Bihar,10,Rural,60+,Male,303.0,3962439.94,0.11943555162125687,473256.19999999995,False,3489183.74
West Bengal,19,Rural,15-24,Female,392.0,5637750.04,0.400352992592059,2257090.1,False,3380659.94
Uttar Pradesh,09,Rural,25-34,Male,876.0,10610952.82,0.6827229225207317,7244340.72,False,3366612.1000000006
West Bengal,19,Rural,60+,Female,236.0,3421459.95,0.017882807600889786,61185.31,False,3360274.64
Madhya Pradesh,23,Rural,45-59,Female,344.0,3610527.68,0.08132444784359054,293624.17,False,3316903.5100000002
Tamil Nadu,33,Rural,45-59,Female,277.0,3794325.7699999996,0.1311577418931006,497655.20000000007,False,3296670.5699999994
Maharashtra,27,Rural,45-59,Male,533.0,5500683.09,0.4015450870120933,2208772.27,False,3291910.82
Bihar,10,Rural,60+,Female,262.0,3402999.1,0.03731047416380451,126967.51,False,3276031.5900000003
Maharashtra,27,Rural,35-44,Female,427.0,4036645.2700000005,0.19091198469366616,770643.96,False,3266001.3100000005
Madhya Pradesh,23,Rural,45-59,Male,395.0,4197847.0600000005,0.24869978707609228,1044003.67,False,3153843.3900000006
Madhya Pradesh,23,Rural,35-44,Female,343.0,3698739.26,0.15698073294304074,580630.8,False,3118108.46
Tamil Nadu,33,Rural,60+,Female,214.0,2946344.2699999996,0.012028509485756737,35440.130000000005,False,2910904.1399999997
Rajasthan,08,Rural,60+,Female,293.0,2943613.66,0.040700351281832275,119806.11,False,2823807.5500000003
Karnataka,29,Rural,45-59,Female,317.0,3676105.74,0.23613492956815763,868056.97,False,2808048.7700000005
Andhra Pradesh,28,Rural,45-59,Female,278.0,3261222.0700000003,0.14359263489223228,468287.47000000003,False,2792934.6
Madhya Pradesh,23,Rural,25-34,Female,379.0,3895040.4000000004,0.29381782535554696,1144432.2999999998,False,2750608.1000000006
Rajasthan,08,Rural,45-59,Female,315.0,3119959.9299999997,0.126135658415331,393538.2,False,2726421.7299999995
Odisha,21,Rural,45-59,Female,268.0,3214737.1100000003,0.1521230860460624,489035.73,False,2725701.3800000004
Uttar Pradesh,09,Urban,45-59,Female,447.0,3432518.4099999997,0.2109348774039059,724037.85,False,2708480.5599999996
Maharashtra,27,Urban,45-59,Female,443.0,4609918.84,0.41549644722161744,1915404.9,False,2694513.94
Bihar,10,Rural,15-24,Male,751.0,9540248.2,0.726995711704859,6935719.529999999,False,2604528.67
Maharashtra,27,Urban,60+,Female,289.0,3254374.6100000003,0.20675852986697185,672869.71,False,2581504.9000000004
Rajasthan,08,Rural,35-44,Female,305.0,3150039.08,0.1932698054019063,608807.44,False,2541231.64
Gujarat,24,Rural,60+,Female,279.0,2628159.7800000003,0.04666621144320228,122646.26,False,2505513.5200000005
Odisha,21,Rural,45-59,Male,302.0,3572869.8200000003,0.29904179660259766,1068437.41,False,2504432.41
Gujarat,24,Rural,45-59,Female,310.0,2884245.03,0.1366739704497298,394201.22,False,2490043.8099999996
Madhya Pradesh,23,Rural,60+,Female,237.0,2558275.49,0.027236030784159208,69677.26999999999,False,2488598.22
Tamil Nadu,33,Rural,60+,Male,192.0,2680506.0,0.0866825293433404,232353.04,False,2448152.96
Bihar,10,Rural,35-44,Male,441.0,5642698.46,0.569256123248521,3212140.65,False,2430557.81
Tamil Nadu,33,Rural,45-59,Male,251.0,3448921.04,0.30399817735461987,1048465.71,False,2400455.33
Rajasthan,08,Rural,25-34,Female,392.0,3821115.46,0.37312244943260625,1425743.96,False,2395371.5
Madhya Pradesh,23,Rural,15-24,Female,429.0,4546979.18,0.4739697158674917,2155130.43,False,2391848.7499999995
Rajasthan,08,Rural,60+,Male,273.0,2665826.01,0.11965077945953422,318968.16000000003,False,2346857.8499999996
West Bengal,19,Rural,35-44,Male,333.0,4604310.210000001,0.49041702166283874,2258032.1,False,2346278.110000001
Tamil Nadu,33,Urban,45-59,Female,276.0,3362714.18,0.3154531617076062,1060778.8200000003,False,2301935.36
Karnataka,29,Rural,60+,Female,220.0,2368674.13,0.049966117542728436,118353.45000000001,False,2250320.6799999997
Maharashtra,27,Rural,25-34,Female,425.0,5012909.36,0.5540471032973155,2777387.91,False,2235521.45
West Bengal,19,Urban,45-59,Female,296.0,2727311.1,0.1804942164463746,492263.88,False,2235047.22
Odisha,21,Rural,35-44,Female,238.0,2690565.4400000004,0.17308491481998667,465696.29000000004,False,2224869.1500000004
Gujarat,24,Urban,45-59,Female,213.0,2937812.5700000003,0.27048811354224683,794643.38,False,2143169.1900000004
Madhya Pradesh,23,Rural,60+,Male,216.0,2260176.27,0.05565284516503662,125785.24,False,2134391.03
Karnataka,29,Rural,60+,Male,224.0,2398999.16,0.1108071417582322,265826.24,False,2133172.92
Rajasthan,08,Rural,45-59,Male,320.0,3178932.6999999997,0.3303589125998169,1050188.75,False,2128743.9499999997
Rajasthan,08,Rural,15-24,Female,398.0,3984798.7699999996,0.47408671780934125,1889140.17,False,2095658.5999999996
Uttar Pradesh,09,Urban,45-59,Male,478.0,3638918.94,0.42511668314326345,1546965.1500000001,False,2091953.7899999998
Maharashtra,27,Rural,15-24,Female,433.0,4657251.050000001,0.5576224305108052,2596987.65,False,2060263.4000000008
Kerala,32,Rural,60+,Female,169.0,2200717.8200000003,0.06936896616759344,152661.52000000002,False,2048056.3000000003
Tamil Nadu,33,Urban,60+,Female,207.0,2341273.7700000005,0.13223150746698023,309590.16000000003,False,2031683.6100000003
Maharashtra,27,Urban,35-44,Female,423.0,5024954.89,0.5994755905161967,3012337.8000000003,False,2012617.0899999994
Madhya Pradesh,23,Rural,35-44,Male,371.0,4007117.52,0.5007951201790558,2006744.9,False,2000372.62
Assam,18,Rural,45-59,Female,252.0,2242717.75,0.11706592592848566,262545.83,False,1980171.92
Gujarat,24,Rural,45-59,Male,289.0,2678503.17,0.26626801416105844,713199.72,False,1965303.45
Andhra Pradesh,28,Rural,60+,Female,174.0,2061771.9300000002,0.04933676151076515,101721.15,False,1960050.7800000003
Uttar Pradesh,09,Urban,35-44,Female,432.0,3280050.17,0.4052993738202487,1329402.2800000003,False,1950647.8899999997
West Bengal,19,Rural,25-34,Male,385.0,5455524.640000001,0.6443291694123848,3515153.66,False,1940370.9800000004
Odisha,21,Rural,60+,Female,175.0,2006091.94,0.03996763478347857,80178.75,False,1925913.19
Tamil Nadu,33,Rural,35-44,Female,228.0,3034355.7799999993,0.37239918187840193,1129991.6099999999,False,1904364.1699999995
West Bengal,19,Urban,60+,Female,216.0,2002636.4100000001,0.04974843636244484,99628.03,False,1903008.3800000001
Uttar Pradesh,09,Urban,15-24,Female,551.0,4074487.54,0.537094539746709,2188385.0100000002,False,1886102.5299999998
Uttar Pradesh,09,Urban,25-34,Female,535.0,4006036.45,0.530012286832787,2123248.54,False,1882787.9100000001
Gujarat,24,Urban,60+,Female,176.0,2064806.16,0.09663908112323726,199540.97,False,1865265.19
Odisha,21,Rural,25-34,Female,262.0,3084381.0100000002,0.3984774014673368,1229056.13,False,1855324.8800000004
Andhra Pradesh,28,Rural,60+,Male,165.0,1996843.12,0.08603978363608254,171807.95,False,1825035.1700000002
Gujarat,24,Rural,60+,Male,224.0,2063449.61,0.1223271694044421,252415.95,False,1811033.6600000001
Uttar Pradesh,09,Urban,60+,Female,286.0,2088990.03,0.13900941882427273,290389.29000000004,False,1798600.74
Odisha,21,Rural,60+,Male,187.0,2003768.58,0.13417896791255204,268863.6,False,1734904.98
Chhattisgarh,22,Rural,45-59,Female,192.0,1811324.71,0.05277236018052225,95587.88,False,1715736.83
Assam,18,Rural,35-44,Female,241.0,2330659.07,0.27514087678211985,641259.58,False,1689399.4899999998
Uttar Pradesh,09,Urban,60+,Male,295.0,2186934.6799999997,0.24285376461266786,531105.3200000001,False,1655829.3599999996
Maharashtra,27,Urban,60+,Male,285.0,2823333.55,0.4135799611774529,1167674.1800000002,False,1655659.3699999996
Assam,18,Rural,45-59,Male,251.0,2319206.1900000004,0.29658275446393145,687836.56,False,1631369.6300000004
Gujarat,24,Rural,35-44,Female,242.0,2219181.3200000003,0.268000755341614,594742.27,False,1624439.0500000003
West Bengal,19,Urban,60+,Male,224.0,2057493.8400000003,0.21279186916059,437817.95999999996,False,1619675.8800000004
Bihar,10,Rural,25-34,Male,509.0,6725155.5,0.7593782463468687,5106936.789999999,False,1618218.710000001
West Bengal,19,Rural,15-24,Male,329.0,4682667.41,0.6583026168839098,3082612.21,False,1600055.2000000002
Karnataka,29,Rural,45-59,Male,295.0,3117710.2800000003,0.489818139868981,1527111.05,False,1590599.2300000002
Gujarat,24,Rural,15-24,Female,348.0,2948253.85,0.46053288796688924,1357767.8599999999,False,1590485.9900000002
Gujarat,24,Urban,60+,Male,159.0,2184489.9799999995,0.283483062714712,619265.9099999999,False,1565224.0699999996
Andhra Pradesh,28,Rural,45-59,Male,233.0,2727312.2900000005,0.4474902028912867,1220445.53,False,1506866.7600000005
Chhattisgarh,22,Rural,45-59,Male,190.0,1766134.3800000001,0.14964831271785783,264299.02999999997,False,1501835.35
Jharkhand,20,Rural,35-44,Female,215.0,1763934.6100000003,0.1580481092777016,278786.53,False,1485148.0800000003
Odisha,21,Rural,15-24,Female,254.0,2994632.7300000004,0.504710248725559,1511421.83,False,1483210.9000000004
Karnataka,29,Rural,35-44,Female,263.0,2735257.6799999997,0.45860028441634804,1254389.9500000002,False,1480867.7299999995
West Bengal,19,Urban,45-59,Male,300.0,2851909.92,0.4839195236573251,1380094.8900000001,False,1471815.0299999998
Andhra Pradesh,28,Rural,35-44,Female,188.0,2246093.63,0.3497375530155437,785543.29,False,1460550.3399999999
Telangana,36,Rural,45-59,Female,170.0,1694425.52,0.1410595610009462,239014.91999999998,False,1455410.6
Tamil Nadu,33,Urban,60+,Male,191.0,2075570.6800000002,0.30639755423795056,635949.78,False,1439620.9000000001
Jharkhand,20,Rural,45-59,Female,194.0,1519295.34,0.06046699254668944,91867.22,False,1427428.12
Punjab,03,Rural,60+,Male,157.0,1561375.4700000002,0.10629837805764937,165971.68,False,1395403.7900000003
Rajasthan,08,Rural,15-24,Male,441.0,4629865.930000001,0.703308438998362,3256223.7800000003,False,1373642.1500000004
Maharashtra,27,Rural,35-44,Male,406.0,3912027.9000000004,0.6539019647584824,2558082.73,False,1353945.1700000004
Madhya Pradesh,23,Urban,45-59,Female,341.0,1716787.56,0.22313096210925476,383068.45999999996,False,1333719.1
Kerala,32,Urban,60+,Female,159.0,1543091.54,0.14122055908620948,217916.25,False,1325175.29
Chhattisgarh,22,Rural,35-44,Female,149.0,1453871.71,0.09173296315119853,133367.96,False,1320503.75
Rajasthan,08,Rural,35-44,Male,306.0,3096799.46,0.5752920371537393,1781564.0699999998,False,1315235.3900000001
Gujarat,24,Rural,25-34,Female,250.0,2297514.15,0.42990657968308926,987716.4500000001,False,1309797.6999999997
Chhattisgarh,22,Rural,25-34,Female,216.0,2094990.6400000001,0.3753971950920028,786453.6099999999,False,1308537.0300000003
Tamil Nadu,33,Urban,45-59,Male,268.0,3225333.33,0.5943877992914302,1917098.78,False,1308234.55
Maharashtra,27,Urban,45-59,Male,474.0,5135580.16,0.7463514112493183,3832947.5,False,1302632.6600000001
Jharkhand,20,Rural,25-34,Female,248.0,2060234.36,0.3712870316365367,764938.2999999999,False,1295296.06
West Bengal,19,Urban,35-44,Female,222.0,2031114.6500000001,0.36535752425398527,742083.0199999999,False,1289031.6300000004
Gujarat,24,Urban,35-44,Female,206.0,2367042.6999999997,0.46001595155000796,1088877.4,False,1278165.2999999998
Jharkhand,20,Rural,45-59,Male,198.0,1603687.6600000001,0.21130409521265506,338865.77,False,1264821.8900000001
Madhya Pradesh,23,Rural,25-34,Male,408.0,4455389.15,0.7215109481514088,3214612.05,False,1240777.1000000006
Telangana,36,Rural,60+,Female,116.0,1239291.6099999994,0.007973305007689033,9881.25,False,1229410.3599999994
Madhya Pradesh,23,Rural,15-24,Male,498.0,5284261.879999999,0.7676097782648124,4056251.09,False,1228010.789999999
Uttar Pradesh,09,Urban,15-24,Male,628.0,4827654.720000001,0.7479645168161486,3610914.4299999997,False,1216740.290000001
Assam,18,Rural,60+,Male,153.0,1436314.01,0.15393070628058553,221092.83,False,1215221.18
Karnataka,29,Urban,45-59,Female,174.0,2024630.65,0.4056449407204223,821281.18,False,1203349.4699999997
Jharkhand,20,Rural,60+,Female,156.0,1199677.29,0.012266165345182118,14715.439999999999,False,1184961.85
Maharashtra,27,Rural,15-24,Male,503.0,5546775.9399999995,0.7871804264731127,4366313.45,False,1180462.4899999993
Kerala,32,Urban,45-59,Female,212.0,2069731.31,0.4349168298565286,900160.98,False,1169570.33
Jharkhand,20,Rural,15-24,Female,272.0,2278938.41,0.48899875710111884,1114398.05,False,1164540.36
Chhattisgarh,22,Rural,60+,Female,110.0,1162668.4200000002,0.0,0.0,False,1162668.4200000002
Odisha,21,Rural,15-24,Male,232.0,2874415.2699999996,0.6098883756625744,1753072.46,False,1121342.8099999996
Maharashtra,27,Urban,25-34,Female,400.0,4467238.65,0.7495084776811733,3348233.24,False,1119005.4100000001
Andhra Pradesh,28,Urban,45-59,Female,178.0,1737502.73,0.3599136848550448,625351.01,False,1112151.72
Haryana,06,Rural,60+,Female,131.0,1131165.5,0.032518840081314365,36784.19,False,1094381.31
Chhattisgarh,22,Rural,15-24,Female,213.0,1992654.54,0.45427962641231323,905222.3599999999,False,1087432.1800000002
Andhra Pradesh,28,Rural,25-34,Female,228.0,2889410.42,0.6291152988920141,1817772.3,False,1071638.1199999999
Punjab,03,Rural,45-59,Female,138.0,1446150.83,0.2598015242988174,375712.19,False,1070438.6400000001
Telangana,36,Rural,35-44,Female,157.0,1649522.19,0.3513040100418413,579483.76,False,1070038.43
Jharkhand,20,Rural,60+,Male,138.0,1077103.4,0.015004195511777237,16161.07,False,1060942.3299999998
Assam,18,Rural,25-34,Female,249.0,2288735.19,0.5386389501880294,1232801.92,False,1055933.27
Punjab,03,Rural,60+,Female,119.0,1137884.4699999997,0.08327114263190535,94752.94,False,1043131.5299999998
Kerala,32,Rural,60+,Male,105.0,1356003.01,0.2323481789321397,315064.83,False,1040938.1799999999
Tamil Nadu,33,Urban,35-44,Female,233.0,2504742.56,0.5893406905658201,1476146.71,False,1028595.8500000001
Kerala,32,Urban,60+,Male,148.0,1410927.92,0.2846025472371403,401553.68000000005,False,1009374.2399999999
Uttar Pradesh,09,Urban,35-44,Male,442.0,3114902.17,0.6770861956155753,2109057.26,False,1005844.9100000001
Chhattisgarh,22,Rural,60+,Male,99.0,1038083.0200000003,0.03208059409352442,33302.32,False,1004780.7000000003
Tamil Nadu,33,Rural,35-44,Male,212.0,3101912.6999999997,0.6764597823787885,2098319.19,False,1003593.5099999998
Gujarat,24,Rural,35-44,Male,243.0,2198782.64,0.5437531424206624,1195594.9700000002,False,1003187.6699999999
Gujarat,24,Urban,45-59,Male,220.0,2946176.6800000006,0.6598117937719877,1943922.1199999999,False,1002254.5600000008
Madhya Pradesh,23,Urban,60+,Female,226.0,1145777.7800000003,0.12582859653640688,144171.61,False,1001606.1700000003
Assam,18,Rural,15-24,Female,281.0,2765608.42,0.6408748639838173,1772408.92,False,993199.5
Odisha,21,Rural,35-44,Male,195.0,2266956.35,0.5624389018341707,1275024.44,False,991931.9100000001
Maharashtra,27,Urban,15-24,Female,374.0,4416505.390000001,0.7765993148714351,3429855.0600000005,False,986650.3300000001
Odisha,21,Rural,25-34,Male,214.0,2602624.07,0.6269336623786776,1631672.64,False,970951.4299999999
Uttar Pradesh,09,Urban,25-34,Male,553.0,4076382.18,0.7629894506113261,3110236.5999999996,False,966145.5800000005
Telangana,36,Rural,60+,Male,105.0,1067093.69,0.09711658026953565,103632.48999999999,False,963461.2
West Bengal,19,Urban,25-34,Female,249.0,2362360.42,0.5944501051198614,1404305.4,False,958055.02
Maharashtra,27,Rural,25-34,Male,525.0,6428689.390000001,0.8515373084466287,5474268.859999999,False,954420.5300000012
Telangana,36,Rural,45-59,Male,165.0,1617892.61,0.4184781893527531,677052.77,False,940839.8400000001
Tamil Nadu,33,Rural,25-34,Female,197.0,3021924.6099999994,0.6933251223629965,2095176.25,False,926748.3599999994
Kerala,32,Rural,45-59,Female,138.0,1757394.8599999999,0.4753026647636832,835294.46,False,922100.3999999999
Gujarat,24,Rural,15-24,Male,342.0,3059742.31,0.7046632695025876,2156088.02,False,903654.29
Haryana,06,Rural,45-59,Female,125.0,1091303.6399999997,0.1762595605380736,192352.7,False,898950.9399999997
Assam,18,Rural,60+,Female,104.0,1006762.73,0.1072144973026564,107939.56,False,898823.1699999999
Karnataka,29,Rural,25-34,Female,279.0,2994732.12,0.7019785462480698,2102237.7,False,892494.4199999999
Punjab,03,Rural,35-44,Female,132.0,1371104.57,0.35095389551505907,481194.49,False,889910.0800000001
Punjab,03,Rural,45-59,Male,129.0,1287549.51,0.316241291567887,407176.32000000007,False,880373.19
Chhattisgarh,22,Rural,35-44,Male,171.0,1636905.98,0.4852158155106746,794252.67,False,842653.3099999999
Madhya Pradesh,23,Urban,35-44,Female,315.0,1710585.1400000001,0.5118169856193185,875506.53,False,835078.6100000001
Punjab,03,Rural,25-34,Female,137.0,1478356.3,0.43580138292778264,644269.72,False,834086.5800000001
Gujarat,24,Urban,15-24,Female,221.0,2554871.4200000004,0.6757640429513277,1726490.24,False,828381.1800000004
Madhya Pradesh,23,Urban,60+,Male,209.0,1121593.49,0.26185289288724384,293692.5,False,827900.99
Andhra Pradesh,28,Rural,35-44,Male,212.0,2556392.0600000005,0.6789946844068979,1735776.62,False,820615.4400000004
West Bengal,19,Urban,15-24,Female,207.0,1883930.28,0.5661658084289617,1066616.9100000001,False,817313.3699999999
Karnataka,29,Urban,60+,Female,106.0,1219508.74,0.33056588015925165,403127.98,False,816380.76
Rajasthan,08,Urban,45-59,Female,243.0,1183084.8699999999,0.31157987845791657,368625.44,False,814459.4299999999
Chhattisgarh,22,Rural,15-24,Male,215.0,1920974.23,0.5898673195631573,1133119.92,False,787854.31
Gujarat,24,Urban,25-34,Female,210.0,2501390.44,0.7050410890672469,1763583.04,False,737807.3999999999
Maharashtra,27,Urban,15-24,Male,418.0,5121615.16,0.8565764945135003,4387055.16,False,734560.0
Rajasthan,08,Urban,35-44,Female,269.0,1226015.5899999999,0.41182598664997405,504905.08,False,721110.5099999998
Karnataka,29,Urban,35-44,Female,201.0,2118059.77,0.6645546787378904,1407566.53,False,710493.24
Karnataka,29,Urban,60+,Male,111.0,1038411.32,0.31714290248684884,329324.77999999997,False,709086.54
Gujarat,24,Rural,25-34,Male,306.0,2789154.2300000004,0.7473824816062608,2084565.0099999998,False,704589.2200000007
Assam,18,Rural,35-44,Male,206.0,1991355.8499999999,0.646709773142756,1287829.29,False,703526.5599999998
Karnataka,29,Rural,35-44,Male,259.0,2764025.2800000003,0.7463332679793725,2062884.0200000003,False,701141.26
Jharkhand,20,Rural,35-44,Male,191.0,1552245.25,0.5502412843588987,854109.4199999999,False,698135.8300000001
Tamil Nadu,33,Rural,15-24,Male,186.0,2619357.19,0.7359027426114421,1927592.1400000001,False,691765.0499999998
Bihar,10,Urban,45-59,Female,206.0,820903.9299999999,0.16631485733050394,136528.52,False,684375.4099999999
Haryana,06,Rural,60+,Male,102.0,875954.0100000001,0.22061473295841177,193248.36,False,682705.6500000001
Haryana,06,Rural,35-44,Female,126.0,1097847.0300000003,0.3786858538935064,415739.14,False,682107.8900000002
Rajasthan,08,Rural,25-34,Male,385.0,3693962.0500000003,0.8169155906731635,3017655.1900000004,False,676306.8599999999
Madhya Pradesh,23,Urban,45-59,Male,384.0,1912299.9500000002,0.6506452295833611,1244228.84,False,668071.1100000001
Tamil Nadu,33,Rural,15-24,Female,194.0,2704627.12,0.7533198143779614,2037449.2000000002,False,667177.9199999999
West Bengal,19,Urban,35-44,Male,226.0,2139560.6800000006,0.6952105466810128,1487445.15,False,652115.5300000007
Rajasthan,08,Urban,60+,Female,180.0,861475.21,0.2514989258948032,216660.09000000003,False,644815.1199999999
Maharashtra,27,Urban,35-44,Male,370.0,4642540.23,0.8626689014173604,4004975.08,False,637565.1500000004
Punjab,03,Urban,60+,Male,127.0,826820.35,0.23270656074200402,192406.52000000002,False,634413.83
Andhra Pradesh,28,Urban,60+,Female,75.0,693684.9700000001,0.08811223054176882,61122.13,False,632562.8400000001
Punjab,03,Urban,45-59,Female,124.0,858187.61,0.26420308025654204,226735.81,False,631451.8
Chhattisgarh,22,Rural,25-34,Male,208.0,2025434.24,0.6885418259740687,1394596.19,False,630838.05
Karnataka,29,Rural,15-24,Female,235.0,2307375.17,0.7350160658962105,1695957.8199999998,False,611417.3500000001
Telangana,36,Urban,45-59,Female,142.0,1112829.21,0.450696005724005,501547.67999999993,False,611281.53
Punjab,03,Urban,60+,Female,105.0,702788.76,0.130703342495119,91856.84,False,610931.92
Kerala,32,Urban,45-59,Male,163.0,1642679.27,0.6386325189335347,1049068.4,False,593610.8700000001
Punjab,03,Rural,15-24,Female,136.0,1397185.3800000001,0.5796303708817795,809851.0800000001,False,587334.3
Andhra Pradesh,28,Urban,35-44,Female,113.0,1164872.51,0.5020510441953858,584825.46,False,580047.05
Jammu & Kashmir,01,Rural,60+,Male,109.0,614140.9399999996,0.06948040298371906,42670.76,False,571470.1799999996
Haryana,06,Rural,45-59,Male,138.0,1173573.58,0.5201778911894046,610467.03,False,563106.55
Delhi,07,Urban,45-59,Female,90.0,920506.8900000001,0.39360254000923334,362313.85,False,558193.0400000002
Madhya Pradesh,23,Urban,25-34,Female,359.0,1854935.11,0.6996095728653279,1297730.36,False,557204.75
Assam,18,Rural,15-24,Male,283.0,2781278.25,0.802590427620825,2232227.3,False,549050.9500000002
Kerala,32,Rural,45-59,Male,122.0,1561485.72,0.6527603275167959,1019275.9299999999,False,542209.79
Jharkhand,20,Rural,25-34,Male,234.0,1997349.9900000002,0.7286572344789707,1455383.52,False,541966.4700000002
Punjab,03,Urban,45-59,Male,148.0,1105449.54,0.5187032508060024,573400.27,False,532049.27
Andhra Pradesh,28,Urban,45-59,Male,155.0,1662577.0,0.6885072811665264,1144696.3699999999,False,517880.6300000001
Haryana,06,Rural,25-34,Female,155.0,1367878.17,0.6223176585967448,851254.74,False,516623.42999999993
Rajasthan,08,Urban,45-59,Male,262.0,1282974.0699999998,0.5976518138047795,766771.78,False,516202.2899999998
Telangana,36,Rural,25-34,Female,143.0,1499878.5100000002,0.6569338339276558,985320.9400000001,False,514557.5700000002
Rajasthan,08,Urban,15-24,Female,289.0,1334221.5,0.6210522315822373,828621.24,False,505600.26
Himachal Pradesh,02,Rural,60+,Female,68.0,553688.5900000001,0.08816192148731111,48814.25,False,504874.3400000001
Delhi,07,Urban,25-34,Female,136.0,1574652.47,0.6815947965966104,1073274.9300000002,False,501377.5399999998
Bihar,10,Urban,35-44,Female,204.0,806516.66,0.38470512190039563,310271.08999999997,False,496245.57000000007
Haryana,06,Rural,15-24,Female,145.0,1222410.8,0.5985284570457002,731647.65,False,490763.15
Punjab,03,Rural,15-24,Male,160.0,1639308.71,0.7037506437698364,1153664.56,False,485644.1499999999
Jharkhand,20,Rural,15-24,Male,250.0,2037407.33,0.7636395909108661,1555844.9,False,481562.43000000017
Punjab,03,Rural,25-34,Male,172.0,1852459.8800000001,0.7403069101825838,1371388.85,False,481071.03
Rajasthan,08,Urban,25-34,Female,299.0,1377507.7800000003,0.6512491058308214,897100.71,False,480407.0700000003
Bihar,10,Urban,25-34,Female,269.0,967499.3200000001,0.5038769743011292,487500.63,False,479998.69000000006
Gujarat,24,Urban,15-24,Male,234.0,3751145.62,0.8723797664778473,3272423.54,False,478722.0800000001
Karnataka,29,Urban,45-59,Male,191.0,1954194.5599999996,0.7561170572494073,1477599.8399999999,False,476594.71999999974
Punjab,03,Urban,25-34,Female,108.0,1247784.56,0.6196919682993993,773242.07,False,474542.4900000001
Tamil Nadu,33,Urban,35-44,Male,200.0,2317962.89,0.7966931946869953,1846705.2600000002,False,471257.6299999999
Gujarat,24,Urban,35-44,Male,233.0,2797519.54,0.8317693680881314,2326891.06,False,470628.48
Punjab,03,Rural,35-44,Male,130.0,1512404.5699999998,0.688888172296385,1041877.62,False,470526.94999999984
Jammu & Kashmir,01,Rural,60+,Female,97.0,516125.94999999995,0.09101388914856928,46974.630000000005,False,469151.31999999995
Andhra Pradesh,28,Urban,60+,Male,85.0,795752.4500000001,0.4136332725083033,329149.69,False,466602.76000000007
Rajasthan,08,Urban,60+,Male,186.0,848097.3300000001,0.45115188606949147,382620.70999999996,False,465476.6200000001
Delhi,07,Urban,60+,Female,59.0,673081.81,0.3086907667286388,207774.14,False,465307.67000000004
Punjab,03,Urban,35-44,Female,144.0,1022752.15,0.5528686397774866,565447.59,False,457304.56000000006
Odisha,21,Urban,45-59,Female,118.0,535187.7000000001,0.16682195797848118,89281.06,False,445906.6400000001
Assam,18,Rural,25-34,Male,289.0,2708416.78,0.8362691653387261,2264965.44,False,443451.33999999985
Haryana,06,Urban,45-59,Female,97.0,660736.04,0.3289418116196598,217343.71000000002,False,443392.33
Tamil Nadu,33,Urban,25-34,Female,205.0,2532031.12,0.8296851541066367,2100788.63,False,431242.4900000002
Haryana,06,Urban,35-44,Female,128.0,988566.4700000001,0.56950946353663,562997.9600000001,False,425568.51
Haryana,06,Urban,60+,Female,78.0,460803.84,0.09263783478887676,42687.87,False,418115.97000000003
Andhra Pradesh,28,Rural,15-24,Female,151.0,1797766.9900000002,0.7727704801165585,1389261.2600000002,False,408505.73
Uttarakhand,05,Rural,45-59,Female,70.0,453173.4,0.10844689913397387,49145.25,False,404028.15
West Bengal,19,Urban,15-24,Male,214.0,2130918.5999999996,0.8110099278311242,1728196.14,False,402722.45999999973
Bihar,10,Urban,15-24,Female,261.0,1059391.4400000002,0.6284753348582842,665801.39,False,393590.05000000016
Karnataka,29,Urban,15-24,Female,209.0,2569641.51,0.8473125537266091,2177289.51,False,392352.0
Telangana,36,Urban,60+,Female,76.0,542430.65,0.2783055677255701,150961.47,False,391469.18000000005
Madhya Pradesh,23,Urban,15-24,Female,329.0,1733149.37,0.7745877033091498,1342476.19,False,390673.18000000017
Telangana,36,Urban,45-59,Male,160.0,1254021.59,0.6924163323216787,868305.0299999999,False,385716.5600000002
Karnataka,29,Urban,25-34,Female,239.0,2798538.76,0.8623494784113692,2413318.44,False,385220.31999999983
Jammu & Kashmir,01,Rural,45-59,Female,101.0,530868.3099999999,0.27820603946014416,147690.77000000002,False,383177.5399999999
Delhi,07,Urban,35-44,Female,97.0,1044412.32,0.633391714490691,661522.1100000001,False,382890.20999999985
Rajasthan,08,Urban,15-24,Male,404.0,2175866.45,0.8245364783302762,1794081.2600000002,False,381785.18999999994
Telangana,36,Urban,35-44,Female,176.0,1273522.78,0.7012974985810619,893118.3400000001,False,380404.43999999994
Uttarakhand,05,Rural,60+,Female,60.0,378538.14,0.0,0.0,False,378538.14
Delhi,07,Urban,60+,Male,64.0,678469.3200000001,0.44430527824014204,301447.5,False,377021.82000000007
Karnataka,29,Urban,15-24,Male,196.0,2110114.98,0.8244616414220233,1739708.8599999999,False,370406.1200000001
Bihar,10,Urban,60+,Male,130.0,524377.61,0.299912252165,157267.27000000002,False,367110.33999999997
Uttarakhand,05,Rural,60+,Male,63.0,421389.66000000003,0.12933027355251195,54498.44,False,366891.22000000003
Delhi,07,Urban,25-34,Male,167.0,1897285.2099999995,0.8083077715026304,1533590.38,False,363694.8299999996
Jharkhand,20,Urban,45-59,Female,134.0,449574.78,0.2078105893751424,93426.4,False,356148.38
Uttarakhand,05,Rural,35-44,Female,75.0,560871.4099999999,0.3653674199581684,204924.14,False,355947.2699999999
Bihar,10,Urban,60+,Female,98.0,392584.81,0.10483232909597293,41155.58,False,351429.23
Delhi,07,Urban,45-59,Male,117.0,1198285.1199999996,0.707832773555596,848185.48,False,350099.63999999966
Haryana,06,Urban,45-59,Male,121.0,904246.98,0.6169250794733093,557852.6399999999,False,346394.3400000001
Haryana,06,Urban,25-34,Female,122.0,1084837.42,0.6810644031803403,738844.1500000001,False,345993.2699999998
Tamil Nadu,33,Urban,15-24,Male,179.0,2422694.29,0.8579169929029717,2078470.6000000003,False,344223.6899999997
Bihar,10,Urban,45-59,Male,213.0,801770.11,0.579669601302548,464761.76,False,337008.35
Kerala,32,Rural,35-44,Female,96.0,1188632.58,0.7189650817075871,854585.3200000001,False,334047.26
Jammu & Kashmir,01,Rural,35-44,Female,110.0,573491.4499999997,0.42631013941009954,244485.22,False,329006.22999999975
Odisha,21,Urban,60+,Female,83.0,378083.13999999996,0.13622368878971963,51503.87999999999,False,326579.25999999995
Haryana,06,Urban,60+,Male,76.0,460542.6,0.29766618766646125,137087.96,False,323454.64
Himachal Pradesh,02,Rural,60+,Male,61.0,464143.13999999996,0.30443666580960355,141302.19000000003,False,322840.94999999995
Chhattisgarh,22,Urban,45-59,Female,189.0,396148.64,0.19783930092502652,78373.77,False,317774.87
West Bengal,19,Urban,25-34,Male,211.0,2012360.4800000002,0.8476137436370247,1705704.4000000001,False,306656.0800000001
Tamil Nadu,33,Rural,25-34,Male,191.0,2762580.9699999993,0.8896659271492776,2457774.16,False,304806.8099999991
Jharkhand,20,Urban,35-44,Female,133.0,467025.07000000007,0.35791241356700615,167154.07,False,299871.00000000006
Punjab,03,Urban,25-34,Male,132.0,1267760.95,0.7637555723734826,968259.49,False,299501.45999999996
Delhi,07,Urban,35-44,Male,131.0,1487077.92,0.8005222281829053,1190438.9300000002,False,296638.98999999976
Karnataka,29,Rural,15-24,Male,267.0,2726852.8800000004,0.8930933413613423,2435334.15,False,291518.73000000045
Odisha,21,Urban,35-44,Female,120.0,631078.43,0.5439268776782625,343260.52,False,287817.91000000003
Madhya Pradesh,23,Urban,35-44,Male,320.0,1683154.48,0.8307074404721307,1398208.9500000002,False,284945.5299999998
Punjab,03,Urban,35-44,Male,136.0,1225127.73,0.7702065889897048,943601.4500000001,False,281526.2799999999
Maharashtra,27,Urban,25-34,Male,437.0,4736471.690000001,0.940996818245524,4457004.790000001,False,279466.9000000004
Andhra Pradesh,28,Urban,25-34,Female,132.0,1482964.85,0.8118411100573287,1203931.83,False,279033.02
Punjab,03,Urban,15-24,Female,92.0,695168.5599999998,0.5987877530019482,416258.4199999999,False,278910.1399999999
Haryana,06,Rural,35-44,Male,132.0,1174382.6800000002,0.76341394953134,896540.12,False,277842.5600000002
Jharkhand,20,Urban,45-59,Male,143.0,499120.0700000001,0.45443886878762446,226819.56,False,272300.5100000001
Jammu & Kashmir,01,Rural,45-59,Male,123.0,660644.6199999999,0.601821975027966,397590.45,False,263054.16999999987
Tamil Nadu,33,Urban,15-24,Female,180.0,1944287.6400000001,0.865236966686678,1682269.54,False,262018.1000000001
Odisha,21,Urban,60+,Male,77.0,316128.62,0.17318574319528554,54748.97000000001,False,261379.65
Jharkhand,20,Urban,60+,Female,89.0,278184.94,0.08317689663574167,23138.559999999998,False,255046.38
Telangana,36,Rural,35-44,Male,139.0,1472332.5300000003,0.8279554279765861,1219025.71,False,253306.8200000003
Bihar,10,Urban,35-44,Male,209.0,821389.6900000001,0.6932056208302297,569391.95,False,251997.7400000001
Odisha,21,Urban,25-34,Female,124.0,591995.03,0.5748218865959059,340291.69999999995,False,251703.33000000007
Gujarat,24,Urban,25-34,Male,249.0,3001839.7800000003,0.9161879752289778,2750249.5100000002,False,251590.27000000002
Jharkhand,20,Urban,25-34,Female,166.0,563722.6699999999,0.557107912654994,314054.36,False,249668.30999999994
Delhi,07,Urban,15-24,Female,81.0,828395.16,0.6989452835528397,579002.89,False,249392.27000000002
Bihar,10,Urban,15-24,Male,327.0,1342382.17,0.81449276847889,1093360.5699999998,False,249021.6000000001
Kerala,32,Rural,35-44,Male,84.0,1064346.27,0.7668705786886443,816215.8400000001,False,248130.42999999993
Tripura,16,Rural,45-59,Female,116.0,270650.14,0.08617867332342778,23324.269999999997,False,247325.87000000002
Himachal Pradesh,02,Rural,45-59,Female,80.0,471682.06,0.47727833871824593,225123.63,False,246558.43
Uttarakhand,05,Rural,45-59,Male,83.0,523120.1,0.5306297158147814,277583.07,False,245537.02999999997
Chhattisgarh,22,Urban,60+,Female,106.0,268190.43999999994,0.08556143910275103,22946.76,False,245243.67999999993
Assam,18,Urban,45-59,Female,188.0,366149.27,0.3477773149732075,127338.41,False,238810.86000000002
Telangana,36,Urban,60+,Male,67.0,494151.81,0.5233293185751966,258604.13,False,235547.68
Telangana,36,Rural,15-24,Female,131.0,1279314.33,0.8162535316867747,1044244.84,False,235069.4900000001
Haryana,06,Urban,35-44,Male,129.0,977123.47,0.7600309303797605,742644.06,False,234479.40999999992
Chhattisgarh,22,Urban,45-59,Male,189.0,418862.69999999995,0.44036945758120744,184454.34,False,234408.35999999996
Kerala,32,Urban,35-44,Female,112.0,1087418.98,0.7856745704401812,854357.44,False,233061.54000000004
Rajasthan,08,Urban,25-34,Male,340.0,1847444.03,0.87697414573366,1620160.6500000001,False,227283.3799999999
Madhya Pradesh,23,Urban,15-24,Male,401.0,1986063.09,0.8887314199067059,1765076.67,False,220986.42000000016
Tripura,16,Rural,45-59,Male,120.0,276750.78,0.2078493870911583,57522.479999999996,False,219228.30000000005
Chhattisgarh,22,Urban,35-44,Female,183.0,400602.39,0.45551498082674946,182480.39,False,218122.0
Telangana,36,Urban,15-24,Female,148.0,1591260.96,0.863768950882827,1374481.81,False,216779.1499999999
Jammu & Kashmir,01,Rural,25-34,Female,118.0,618248.3499999999,0.6504514569266543,402140.54,False,216107.80999999988
Delhi,07,Urban,15-24,Male,115.0,1403450.8699999996,0.847591985888327,1189553.71,False,213897.15999999968
Tripura,16,Rural,25-34,Female,118.0,277685.04,0.2305337010593009,64015.76000000001,False,213669.27999999997
Jharkhand,20,Urban,60+,Male,102.0,287567.74,0.2570296654277006,73913.44,False,213654.3
Andhra Pradesh,28,Rural,25-34,Male,202.0,2404458.5300000003,0.9126311901914981,2194383.85,False,210074.68000000017
Uttarakhand,05,Urban,15-24,Female,52.0,375819.56999999995,0.44471151409172244,167131.29000000004,False,208688.2799999999
Chhattisgarh,22,Urban,25-34,Female,243.0,549626.78,0.6236396450696963,342769.05000000005,False,206857.72999999998
Chhattisgarh,22,Urban,60+,Male,100.0,234391.14,0.15455746322151934,36226.899999999994,False,198164.24000000002
Madhya Pradesh,23,Urban,25-34,Male,400.0,1993387.3,0.9015129373002426,1797064.44,False,196322.8600000001
Bihar,10,Urban,25-34,Male,254.0,940268.73,0.7948995921623385,747419.23,False,192849.5
Jammu & Kashmir,01,Rural,35-44,Male,125.0,694946.71,0.7246381524707125,503584.89999999997,False,191361.81
Uttarakhand,05,Urban,25-34,Female,66.0,367999.25,0.481414649622248,177160.23000000004,False,190839.01999999996
Andhra Pradesh,28,Rural,15-24,Male,154.0,1840383.6800000002,0.8969132349619617,1650664.48,False,189719.2000000002
Tripura,16,Rural,35-44,Female,103.0,235794.53000000003,0.19779932978089015,46640.0,False,189154.53000000003
Haryana,06,Urban,15-24,Female,112.0,871479.92,0.7849019286640592,684026.27,False,187453.65000000002
Telangana,36,Urban,25-34,Female,186.0,1515823.69,0.8781001173032201,1331044.96,False,184778.72999999998
Rajasthan,08,Urban,35-44,Male,275.0,1274184.03,0.8560460689497105,1090760.23,False,183423.80000000005
Tripura,16,Rural,15-24,Female,98.0,232376.34000000003,0.21192858963180158,49247.19,False,183129.15000000002
Haryana,06,Rural,15-24,Male,151.0,1300402.95,0.8591765959928035,1117275.7799999998,False,183127.17000000016
Kerala,32,Urban,15-24,Male,136.0,1311797.3599999999,0.8638606194481135,1133210.0799999998,False,178587.28000000003
Tripura,16,Rural,25-34,Male,124.0,299442.7899999999,0.4232298597004123,126733.12999999999,False,172709.65999999992
Odisha,21,Urban,15-24,Female,139.0,643523.23,0.7414093816007233,477114.16000000003,False,166409.06999999995
Uttarakhand,05,Urban,45-59,Female,51.0,250536.51,0.3412592839263227,85497.90999999999,False,165038.60000000003
Tamil Nadu,33,Urban,25-34,Male,240.0,2948697.4,0.9445064624128607,2785063.75,False,163633.6499999999
Jammu & Kashmir,01,Rural,15-24,Female,135.0,626475.05,0.7400568147127328,463627.13000000006,False,162847.91999999998
Tripura,16,Rural,60+,Male,74.0,173353.49000000005,0.073502125627814,12741.85,False,160611.64000000004
Kerala,32,Rural,25-34,Female,78.0,984326.0200000001,0.8393687489842035,826212.5000000002,False,158113.5199999999
Assam,18,Urban,60+,Female,111.0,184504.52000000002,0.15320204621545314,28266.47,False,156238.05000000002
Meghalaya,17,Rural,45-59,Female,64.0,189062.64,0.17497867373480028,33081.93,False,155980.71000000002
Assam,18,Urban,35-44,Female,173.0,351364.09,0.5575555544108107,195905.0,False,155459.09000000003
Tripura,16,Rural,15-24,Male,94.0,215598.66000000006,0.28492876532720557,61430.259999999995,False,154168.40000000008
Uttarakhand,05,Rural,15-24,Female,86.0,609706.6699999999,0.7480874860693258,456113.93,False,153592.73999999993
Assam,18,Urban,60+,Male,120.0,212258.41,0.2878024950813492,61088.5,False,151169.91
Tripura,16,Rural,60+,Female,61.0,150593.95000000004,0.012003603066391443,1807.67,False,148786.28000000003
Chhattisgarh,22,Urban,15-24,Male,195.0,403333.1,0.6407733459019356,258445.09999999998,False,144888.0
Odisha,21,Urban,45-59,Male,125.0,602144.9600000001,0.7599320436062438,457589.25,False,144555.71000000008
Chhattisgarh,22,Urban,15-24,Female,184.0,402509.03,0.6421904124734791,258487.44,False,144021.59000000003
Haryana,06,Rural,25-34,Male,189.0,1587616.8100000003,0.9092909894296218,1443605.6600000001,False,144011.15000000014
Andhra Pradesh,28,Urban,15-24,Female,96.0,1051143.0499999998,0.8636115607671099,907779.29,False,143363.75999999978
Jharkhand,20,Urban,35-44,Male,141.0,462484.27,0.6933485326971229,320662.79000000004,False,141821.47999999998
Jammu & Kashmir,01,Urban,45-59,Female,124.0,232663.73,0.39168133339906486,91130.04000000001,False,141533.69
Himachal Pradesh,02,Rural,45-59,Male,81.0,567436.44,0.751401601913335,426372.64999999997,False,141063.78999999998
Karnataka,29,Rural,25-34,Male,300.0,3285426.99,0.9574478536806565,3145625.02,False,139801.9700000002
Telangana,36,Urban,25-34,Male,172.0,1657246.6499999994,0.9157697196129497,1517656.2999999998,False,139590.34999999963
Himachal Pradesh,02,Rural,35-44,Female,62.0,448263.13999999996,0.6951070302144406,311590.86,False,136672.27999999997
Punjab,03,Urban,15-24,Male,149.0,1131558.14,0.8793442376721359,995029.1299999999,False,136529.01
Uttarakhand,05,Urban,35-44,Female,65.0,242531.88,0.44102857735651085,106963.49,False,135568.39
Jharkhand,20,Urban,25-34,Male,162.0,575319.97,0.7650707136065519,440160.46,False,135159.50999999995
Jharkhand,20,Urban,15-24,Female,143.0,475381.6900000001,0.7198285655469816,342193.31999999995,False,133188.37000000017
Tripura,16,Rural,35-44,Male,95.0,220770.01,0.4134762235142354,91283.15,False,129486.86000000002
Jammu & Kashmir,01,Urban,60+,Female,87.0,134854.41,0.0478698471929839,6455.46,False,128398.95
Meghalaya,17,Rural,25-34,Female,99.0,238462.79,0.4667173859703646,111294.73000000001,False,127168.06
Kerala,32,Urban,15-24,Female,114.0,1129425.6500000001,0.8903556953926094,1005590.5599999999,False,123835.0900000002
Uttarakhand,05,Rural,35-44,Male,58.0,428003.02,0.7118100007799011,304656.83,False,123346.19
Assam,18,Urban,45-59,Male,189.0,346142.94000000006,0.6456959659497893,223503.1,False,122639.84000000005
Uttarakhand,05,Urban,25-34,Male,66.0,409064.45999999996,0.7217992000576142,295262.3999999999,False,113802.06000000006
Meghalaya,17,Rural,45-59,Male,65.0,165075.68,0.3136812157914479,51781.14,False,113294.54
Kerala,32,Urban,35-44,Male,100.0,995843.6699999999,0.886983506156142,883296.9099999999,False,112546.76000000001
Himachal Pradesh,02,Rural,25-34,Female,63.0,451919.69000000006,0.7526048931393098,340116.97000000003,False,111802.72000000003
Andhra Pradesh,28,Urban,35-44,Male,106.0,1092009.8399999999,0.8987207569484905,981411.9099999999,False,110597.92999999993
Kerala,32,Rural,15-24,Female,73.0,895622.33,0.8783317294020573,786653.51,False,108968.81999999995
Himachal Pradesh,02,Rural,35-44,Male,65.0,441504.92,0.7535063029422187,332676.74,False,108828.18
Telangana,36,Urban,15-24,Male,135.0,1339244.7100000002,0.9190904700306785,1230887.0499999998,False,108357.66000000038
Odisha,21,Urban,25-34,Male,121.0,515565.52999999997,0.7906543131384287,407634.1099999999,False,107931.42000000004
Meghalaya,17,Rural,15-24,Male,101.0,248202.39,0.5773162780584024,143291.28000000003,False,104911.10999999999
Uttarakhand,05,Rural,15-24,Male,73.0,572798.24,0.8168481453434634,467889.18,False,104909.06
Jammu & Kashmir,01,Rural,15-24,Male,133.0,678829.3200000001,0.8479635057601814,575622.4900000001,False,103206.82999999996
Chhattisgarh,22,Urban,35-44,Male,209.0,455739.23,0.7793697286055449,355189.36,False,100549.87
Odisha,21,Urban,15-24,Male,140.0,763547.26,0.8683802231180818,663049.3400000001,False,100497.91999999993
Uttarakhand,05,Urban,15-24,Male,92.0,483133.06,0.7920993649244372,382689.39,False,100443.66999999998
Meghalaya,17,Rural,25-34,Male,104.0,262902.06,0.6262171928207789,164633.78999999998,False,98268.27000000002
Uttarakhand,05,Rural,25-34,Female,41.0,297849.63,0.6712580102919717,199933.94999999998,False,97915.68000000002
Assam,18,Urban,25-34,Female,189.0,392044.29000000004,0.7504094499118963,294193.74,False,97850.55000000005
Manipur,14,Rural,45-59,Female,144.0,179671.65999999997,0.4711435849148386,84651.15,False,95020.50999999998
Karnataka,29,Urban,35-44,Male,182.0,2076228.2599999998,0.9544151951770465,1981583.7999999996,False,94644.4600000002
Haryana,06,Urban,15-24,Male,121.0,1013943.1699999999,0.9083749042858094,921040.53,False,92902.6399999999
Uttarakhand,05,Urban,45-59,Male,58.0,214235.90000000002,0.5700171166457161,122118.12999999999,False,92117.77000000003
Chhattisgarh,22,Urban,25-34,Male,216.0,496803.54000000004,0.8155443296559441,405165.31000000006,False,91638.22999999998
Andhra Pradesh,28,Urban,25-34,Male,120.0,1297249.6400000001,0.9305920177399317,1207210.1600000001,False,90039.47999999998
Andhra Pradesh,28,Urban,15-24,Male,100.0,940709.62,0.9048762039873686,851225.75,False,89483.87
Haryana,06,Urban,25-34,Male,127.0,1303657.26,0.9322150133233639,1215288.87,False,88368.3899999999
Telangana,36,Rural,15-24,Male,137.0,1312036.92,0.9329687765188803,1224089.48,False,87947.43999999994
Odisha,21,Urban,35-44,Male,122.0,547649.9199999999,0.841789185324815,461005.78,False,86644.1399999999
Uttarakhand,05,Urban,60+,Male,28.0,113142.24,0.2345707491737834,26539.860000000004,True,86602.38
Kerala,32,Urban,25-34,Female,112.0,1038390.02,0.9167574819334261,951951.82,False,86438.20000000007
Jammu & Kashmir,01,Rural,25-34,Male,110.0,662385.0999999997,0.8717162116116439,577411.8299999997,False,84973.27000000002
Meghalaya,17,Rural,15-24,Female,86.0,213483.17000000004,0.602878671887812,128704.45000000001,False,84778.72000000003
Meghalaya,17,Rural,35-44,Female,57.0,120560.13,0.30536753734422817,36815.15,False,83744.98000000001
Manipur,14,Rural,60+,Male,76.0,97032.07,0.1380717735899069,13397.39,False,83634.68000000001
Telangana,36,Urban,35-44,Male,171.0,1220636.8399999999,0.9316317537982879,1137184.04,False,83452.79999999981
Kerala,32,Rural,15-24,Male,85.0,1073043.5999999999,0.924379344884029,991899.3399999999,False,81144.26000000001
Assam,18,Urban,35-44,Male,181.0,430215.76,0.8170820380917705,351521.57,False,78694.19
Jammu & Kashmir,01,Urban,45-59,Male,135.0,238967.94999999998,0.6736456081244367,160979.71,False,77988.23999999999
Manipur,14,Rural,60+,Female,68.0,91123.11,0.15539976631614089,14160.51,False,76962.6
Jammu & Kashmir,01,Urban,60+,Male,91.0,129962.08,0.41446858960706073,53865.2,False,76096.88
Uttarakhand,05,Urban,60+,Female,29.0,95644.19,0.21250836041373763,20325.190000000002,True,75319.0
Tripura,16,Urban,45-59,Female,57.0,85001.47,0.12162295546182908,10338.130000000001,False,74663.34
Tripura,16,Urban,15-24,Female,62.0,103076.80000000002,0.30686914999301484,31631.089999999997,False,71445.71000000002
Arunachal Pradesh,12,Rural,45-59,Female,136.0,88219.12000000001,0.2291608667146079,20216.370000000003,False,68002.75
Uttarakhand,05,Urban,35-44,Male,54.0,284785.97,0.7629548253377793,217278.83000000002,False,67507.13999999996
Uttarakhand,05,Rural,25-34,Male,67.0,523908.09,0.8711883987132171,456422.65,False,67485.44
Puducherry,34,Urban,45-59,Female,25.0,88661.63,0.25206507031282865,22348.5,True,66313.13
Tripura,16,Urban,35-44,Male,43.0,82998.11000000002,0.21512863365201926,17855.27,False,65142.84000000001
Meghalaya,17,Rural,60+,Male,34.0,80758.68000000001,0.2032176603183707,16411.59,False,64347.09000000001
Tripura,16,Urban,35-44,Female,48.0,80271.4,0.21710497138457782,17427.32,False,62844.079999999994
Jammu & Kashmir,01,Urban,35-44,Female,107.0,195662.26,0.6826399224868402,133566.87,False,62095.390000000014
Telangana,36,Rural,25-34,Male,131.0,1299900.2800000003,0.9525061568568934,1238163.02,False,61737.26000000024
Assam,18,Urban,15-24,Female,176.0,387666.88,0.8421709381002577,326481.78,False,61185.09999999998
Manipur,14,Rural,15-24,Female,150.0,197186.31,0.6912499148647795,136305.02000000002,False,60881.28999999998
Tripura,16,Urban,25-34,Female,37.0,69657.78,0.12749401430823665,8880.95,False,60776.83
Arunachal Pradesh,12,Rural,60+,Male,86.0,60705.37999999998,0.015453819743818428,938.13,False,59767.249999999985
Uttar Pradesh,09,Rural,60+,Transgender,5.0,59714.06,0.0,0.0,True,59714.06
Tripura,16,Urban,25-34,Male,44.0,84421.16,0.296011568663591,24989.640000000003,False,59431.520000000004
Tripura,16,Urban,45-59,Male,55.0,82507.33000000002,0.2891636415819055,23858.120000000003,False,58649.210000000014
Manipur,14,Urban,60+,Female,82.0,66094.08,0.12299891306452862,8129.5,False,57964.58
Manipur,14,Urban,60+,Male,84.0,63177.560000000005,0.1534812360591324,9696.570000000002,False,53480.990000000005
Tripura,16,Urban,60+,Female,36.0,53262.35999999999,0.0,0.0,False,53262.35999999999
Kerala,32,Urban,25-34,Male,98.0,952610.97,0.9442055763854998,899460.5900000001,False,53150.37999999989
Nagaland,13,Rural,60+,Male,58.0,54784.87,0.05026150468185833,2753.57,False,52031.3
Manipur,14,Rural,25-34,Female,117.0,146368.88,0.6490081088275048,94994.59,False,51374.29000000001
Manipur,14,Rural,45-59,Male,148.0,188059.31,0.7268546821744694,136691.79,False,51367.51999999999
Manipur,14,Urban,45-59,Female,113.0,82926.49999999999,0.38618511573501846,32024.980000000003,False,50901.51999999998
Meghalaya,17,Rural,60+,Female,29.0,62642.88,0.20477826051420372,12827.900000000001,True,49814.979999999996
Puducherry,34,Rural,60+,Female,14.0,49598.42999999999,0.0,0.0,True,49598.42999999999
Jammu & Kashmir,01,Urban,35-44,Male,114.0,227323.93,0.7832029386435472,178040.77000000002,False,49283.159999999974
Tamil Nadu,33,Rural,25-34,Transgender,3.0,67636.5,0.2724268701071167,18426.0,True,49210.5
Manipur,14,Rural,15-24,Male,158.0,212075.61,0.7707166797728414,163450.21,False,48625.399999999994
Nagaland,13,Rural,45-59,Female,62.0,55754.64,0.13403853024609252,7473.27,False,48281.369999999995
Puducherry,34,Rural,60+,Male,11.0,50034.38,0.037489222410670424,1875.75,True,48158.63
Chandigarh,04,Urban,45-59,Female,11.0,66798.68,0.29057640061150913,19410.120000000003,True,47388.55999999999
Nagaland,13,Rural,60+,Female,57.0,49172.05,0.05368395257061684,2639.75,False,46532.3
Arunachal Pradesh,12,Rural,60+,Female,69.0,46455.599999999984,0.0,0.0,False,46455.599999999984
Goa,30,Rural,60+,Male,10.0,46096.01,0.0,0.0,True,46096.01
Arunachal Pradesh,12,Rural,45-59,Male,121.0,80050.66,0.42851139515901554,34302.62,False,45748.04
Manipur,14,Rural,35-44,Female,108.0,134901.09,0.6634268855796496,89497.01000000001,False,45404.07999999999
Tripura,16,Urban,60+,Male,35.0,52416.53999999999,0.14030895591353418,7354.51,False,45062.02999999999
Himachal Pradesh,02,Rural,15-24,Male,54.0,400295.21,0.8876877142746725,355337.1400000001,False,44958.06999999995
Maharashtra,27,Rural,35-44,Transgender,4.0,44837.009999999995,0.0,0.0,True,44837.009999999995
Goa,30,Rural,45-59,Male,19.0,84201.27,0.46932783792928534,39518.0,True,44683.270000000004
Arunachal Pradesh,12,Rural,15-24,Male,136.0,93499.95,0.5362587894432029,50140.17,False,43359.78
Goa,30,Rural,45-59,Female,14.0,60313.899999999994,0.2837158598598334,17112.010000000002,True,43201.88999999999
Himachal Pradesh,02,Rural,15-24,Female,42.0,303493.22000000003,0.863387392970426,262032.21999999997,False,41461.00000000006
Arunachal Pradesh,12,Rural,25-34,Female,132.0,94430.76999999999,0.5621268364114792,53082.07000000001,False,41348.69999999998
Meghalaya,17,Rural,35-44,Male,58.0,132875.94,0.6991581019106996,92901.29000000001,False,39974.649999999994
Himachal Pradesh,02,Urban,45-59,Female,49.0,71477.07,0.4490006375471182,32093.25,False,39383.82000000001
Karnataka,29,Urban,25-34,Male,229.0,2764035.84,0.9857734948907174,2724713.2699999996,False,39322.5700000003
Assam,18,Urban,15-24,Male,163.0,357437.73,0.8915977616576741,318690.68000000005,False,38747.04999999993
D&N Haveli & Daman & Diu,25,Urban,35-44,Female,16.0,50106.31,0.22967466572573395,11508.15,True,38598.159999999996
Chandigarh,04,Urban,35-44,Female,9.0,55491.740000000005,0.3470527325328058,19258.56,True,36233.18000000001
Nagaland,13,Rural,45-59,Male,64.0,60198.44000000001,0.40606783165809607,24444.65,False,35753.79000000001
Arunachal Pradesh,12,Rural,15-24,Female,132.0,75109.95999999999,0.5249914924731688,39432.090000000004,False,35677.86999999999
Delhi,07,Rural,25-34,Female,38.0,52634.46000000001,0.3458994354649026,18206.23,False,34428.23000000001
Puducherry,34,Urban,45-59,Male,22.0,54959.88,0.37601974385679154,20666.0,True,34293.88
Assam,18,Urban,25-34,Male,179.0,409204.4,0.9166854022097515,375111.70000000007,False,34092.69999999995
Jammu & Kashmir,01,Urban,25-34,Female,140.0,236398.87,0.8597122735823569,203235.01,False,33163.859999999986
Himachal Pradesh,02,Urban,60+,Female,34.0,48795.37,0.33070125300822595,16136.689999999999,False,32658.680000000004
Arunachal Pradesh,12,Rural,35-44,Female,103.0,63825.649999999994,0.48933837728248764,31232.340000000004,False,32593.30999999999
Goa,30,Urban,35-44,Female,8.0,45924.380000000005,0.2998869010316525,13772.120000000003,True,32152.260000000002
Sikkim,11,Rural,45-59,Female,59.0,47448.310000000005,0.32281297268543385,15316.93,False,32131.380000000005
Jharkhand,20,Urban,15-24,Male,179.0,536623.21,0.9412473977784154,505095.20000000007,False,31528.009999999893
Manipur,14,Urban,35-44,Female,98.0,73517.26999999999,0.5721784826884895,42065.0,False,31452.26999999999
Manipur,14,Rural,25-34,Male,142.0,169735.99,0.8236688047125421,139806.24,False,29929.75
D&N Haveli & Daman & Diu,25,Urban,25-34,Female,19.0,68986.94,0.5727829064457708,39514.54,True,29472.4
Goa,30,Urban,45-59,Male,10.0,62967.619999999995,0.5367014030385776,33794.81,True,29172.809999999998
Arunachal Pradesh,12,Rural,25-34,Male,134.0,89825.62,0.6752288489631355,60652.850000000006,False,29172.76999999999
Andaman & N. Islands,35,Rural,45-59,Female,20.0,31705.440000000002,0.10003993005616701,3171.81,True,28533.63
Delhi,07,Rural,25-34,Male,51.0,73212.47,0.6108904671567562,44724.8,False,28487.67
Nagaland,13,Rural,35-44,Female,74.0,63249.219999999994,0.5530869787801336,34982.32,False,28266.899999999994
Andaman & N. Islands,35,Rural,45-59,Male,18.0,36208.71,0.22098992203809525,8001.76,True,28206.949999999997
Goa,30,Urban,60+,Female,7.0,50973.73999999999,0.4543147118496701,23158.12,True,27815.61999999999
Andaman & N. Islands,35,Rural,35-44,Female,15.0,31489.530000000002,0.12183827449949236,3836.63,True,27652.9
Tripura,16,Urban,15-24,Male,36.0,53857.26999999999,0.48815860885633466,26290.890000000003,False,27566.379999999986
Delhi,07,Rural,45-59,Female,36.0,46002.2,0.4012210285595037,18457.05,False,27545.149999999998
Delhi,07,Rural,45-59,Male,43.0,55992.42,0.5138459812953253,28771.48,False,27220.94
Bihar,10,Rural,35-44,Transgender,2.0,26233.82,0.0,0.0,True,26233.82
Madhya Pradesh,23,Rural,15-24,Transgender,1.0,25380.0,0.0,0.0,True,25380.0
Arunachal Pradesh,12,Rural,35-44,Male,110.0,73356.64000000001,0.6575515181720426,48235.77,False,25120.870000000017
Himachal Pradesh,02,Urban,60+,Male,34.0,55714.43,0.5520797753831458,30758.809999999998,False,24955.620000000003
Manipur,14,Urban,45-59,Male,98.0,64003.130000000005,0.6106504478765337,39083.54000000001,False,24919.589999999997
Goa,30,Urban,35-44,Male,11.0,73775.5,0.6663458736301345,49159.99999999999,True,24615.500000000007
Jammu & Kashmir,01,Urban,15-24,Male,106.0,178214.07,0.8634615661939599,153881.0,False,24333.070000000007
Maharashtra,27,Urban,35-44,Transgender,2.0,23744.25,0.0,0.0,True,23744.25
Mizoram,15,Rural,60+,Female,52.0,33644.12,0.29646190775683834,9974.2,False,23669.920000000002
Sikkim,11,Rural,45-59,Male,64.0,51941.84,0.5508432123313306,28611.809999999998,False,23330.03
Manipur,14,Urban,15-24,Female,97.0,80965.42,0.7145982815873739,57857.75,False,23107.67
Delhi,07,Rural,35-44,Female,34.0,32301.41,0.28653702733100506,9255.55,False,23045.86
Uttar Pradesh,09,Urban,25-34,Transgender,4.0,57681.700000000004,0.6010757311244294,34671.07,True,23010.630000000005
Nagaland,13,Urban,60+,Male,38.0,24099.670000000006,0.05394264734745329,1300.0,False,22799.670000000006
Nagaland,13,Urban,45-59,Female,50.0,28927.83,0.21508837683296672,6222.04,False,22705.79
Sikkim,11,Rural,60+,Female,30.0,23992.810000000005,0.07609571367422155,1825.75,False,22167.060000000005
Kerala,32,Urban,60+,Transgender,2.0,21551.51,0.0,0.0,True,21551.51
Sikkim,11,Rural,60+,Male,29.0,22285.410000000003,0.03424886506463197,763.25,True,21522.160000000003
Madhya Pradesh,23,Rural,25-34,Transgender,1.0,21507.69,0.0,0.0,True,21507.69
Manipur,14,Rural,35-44,Male,100.0,128242.81000000001,0.8333692157868343,106873.61,False,21369.20000000001
Uttar Pradesh,09,Urban,45-59,Transgender,4.0,39920.450000000004,0.46537877203288036,18578.13,True,21342.320000000003
Nagaland,13,Rural,25-34,Female,66.0,69510.43,0.6956012212843454,48351.54,False,21158.889999999992
Goa,30,Rural,35-44,Female,12.0,54249.01,0.6102647771821089,33106.26,True,21142.75
Nagaland,13,Rural,15-24,Male,51.0,46399.52,0.5530111087356077,25659.45,False,20740.069999999996
Mizoram,15,Urban,60+,Female,58.0,28556.800000000003,0.2791051518377409,7970.349999999999,False,20586.450000000004
Goa,30,Rural,15-24,Female,12.0,52160.899999999994,0.612348521593761,31940.650000000005,True,20220.24999999999
Delhi,07,Rural,60+,Female,22.0,21515.430000000004,0.07157653832621517,1540.0,True,19975.430000000004
D&N Haveli & Daman & Diu,25,Rural,15-24,Female,22.0,25633.52,0.22558899441044383,5782.64,True,19850.88
Assam,18,Rural,35-44,Transgender,3.0,23171.02,0.14490082870758386,3357.5,True,19813.52
Mizoram,15,Rural,60+,Male,49.0,31009.61,0.3692874563723956,11451.460000000001,False,19558.15
Manipur,14,Urban,25-34,Female,97.0,65445.45,0.7020639326339723,45946.89,False,19498.559999999998
Nagaland,13,Rural,35-44,Male,80.0,74862.59,0.7438611194189247,55687.369999999995,False,19175.22
Nagaland,13,Urban,35-44,Female,70.0,45658.55999999999,0.5868627919934402,26795.31,False,18863.24999999999
D&N Haveli & Daman & Diu,25,Rural,45-59,Female,17.0,18833.52,0.0,0.0,True,18833.52
Nagaland,13,Urban,60+,Female,34.0,18675.87,0.0,0.0,False,18675.87
Goa,30,Urban,60+,Male,3.0,18565.309999999998,0.0,0.0,True,18565.309999999998
Chandigarh,04,Urban,25-34,Male,19.0,113651.24,0.8368419033527482,95108.12,True,18543.12000000001
Assam,18,Rural,25-34,Transgender,3.0,36148.09,0.488167701253372,17646.33,True,18501.759999999995
Goa,30,Urban,45-59,Female,8.0,50838.049999999996,0.6360871433896462,32337.43,True,18500.619999999995
Nagaland,13,Rural,15-24,Female,48.0,43848.81,0.5802032027779089,25441.22,False,18407.589999999997
Jammu & Kashmir,01,Urban,25-34,Male,142.0,235081.34,0.9223243325055064,216821.24,False,18260.100000000006
Manipur,14,Urban,15-24,Male,104.0,71126.19,0.7434856274460927,52881.3,False,18244.89
Puducherry,34,Rural,45-59,Male,8.0,24949.120000000003,0.2840933868609394,7087.88,True,17861.24
Chandigarh,04,Urban,15-24,Female,17.0,118977.8,0.8513162959812671,101287.74,True,17690.059999999998
Uttar Pradesh,09,Rural,15-24,Transgender,3.0,31313.25,0.44077986156020216,13802.25,True,17511.0
Delhi,07,Rural,15-24,Male,41.0,51983.96000000001,0.6633221093583481,34482.11,False,17501.850000000006
Odisha,21,Rural,25-34,Transgender,1.0,17404.25,0.0,0.0,True,17404.25
Uttar Pradesh,09,Rural,35-44,Transgender,2.0,33326.42,0.4829252586986541,16094.17,True,17232.25
Mizoram,15,Rural,45-59,Female,60.0,37660.05,0.5437571113155717,20477.92,False,17182.130000000005
Himachal Pradesh,02,Urban,25-34,Female,48.0,80765.46,0.7876626964051214,63615.93999999999,False,17149.52000000002
Goa,30,Rural,60+,Female,5.0,17066.25,0.0,0.0,True,17066.25
Himachal Pradesh,02,Urban,45-59,Male,45.0,65901.08,0.7466778996641633,49206.88,False,16694.200000000004
Mizoram,15,Urban,15-24,Male,87.0,43347.07999999998,0.6181435981385601,26794.720000000005,False,16552.359999999975
Andaman & N. Islands,35,Rural,60+,Male,15.0,16488.38,0.0,0.0,True,16488.38
Puducherry,34,Urban,25-34,Male,15.0,65190.009999999995,0.7493327581940853,48849.009999999995,True,16341.0
Puducherry,34,Urban,15-24,Female,19.0,53212.759999999995,0.6929120008058217,36871.759999999995,True,16341.0
Delhi,07,Rural,15-24,Female,28.0,32825.04,0.512838979023331,16833.96,True,15991.080000000002
Nagaland,13,Urban,45-59,Male,56.0,31850.89,0.49928243763361085,15902.59,False,15948.3
Andaman & N. Islands,35,Urban,45-59,Female,13.0,19290.83,0.17969055763800726,3466.38,True,15824.45
Rajasthan,08,Rural,25-34,Transgender,3.0,20564.879999999997,0.23760167820089398,4886.25,True,15678.629999999997
Himachal Pradesh,02,Urban,15-24,Female,26.0,48307.09000000001,0.6777307430441368,32739.2,True,15567.89000000001
Nagaland,13,Rural,25-34,Male,49.0,48302.17,0.6778333147351351,32740.82,False,15561.349999999999
Goa,30,Urban,25-34,Female,10.0,59732.0,0.7427645148329204,44366.81,True,15365.190000000002
Himachal Pradesh,02,Urban,35-44,Female,42.0,64247.380000000005,0.7615250614110646,48925.990000000005,False,15321.39
Mizoram,15,Urban,60+,Male,48.0,21331.75,0.3006016852813295,6412.360000000001,False,14919.39
Mizoram,15,Rural,15-24,Female,60.0,37838.490000000005,0.6071344284616008,22973.05,False,14865.440000000006
Sikkim,11,Rural,35-44,Female,45.0,36494.25,0.593015886064243,21641.670000000002,False,14852.579999999998
Karnataka,29,Rural,60+,Transgender,1.0,14743.75,0.0,0.0,True,14743.75
Himachal Pradesh,02,Urban,35-44,Male,38.0,70764.75,0.7978062524067421,56456.560000000005,False,14308.189999999995
Karnataka,29,Rural,15-24,Transgender,2.0,28872.96,0.5106421371414639,14743.75,True,14129.21
West Bengal,19,Rural,45-59,Transgender,1.0,14115.5,0.0,0.0,True,14115.5
D&N Haveli & Daman & Diu,25,Rural,45-59,Male,16.0,19590.64,0.2829800353638268,5543.76,True,14046.88
Jammu & Kashmir,01,Urban,15-24,Female,104.0,124290.98999999999,0.8876465623131653,110326.47,False,13964.51999999999
Bihar,10,Rural,25-34,Transgender,1.0,13859.81,0.0,0.0,True,13859.81
Andhra Pradesh,28,Rural,35-44,Transgender,1.0,13700.0,0.0,0.0,True,13700.0
Delhi,07,Rural,60+,Male,18.0,15444.3,0.13385197127742923,2067.25,True,13377.05
West Bengal,19,Rural,25-34,Transgender,1.0,13338.0,0.0,0.0,True,13338.0
Chandigarh,04,Urban,25-34,Female,13.0,79110.23999999999,0.8334152443476344,65931.68,True,13178.559999999998
Delhi,07,Rural,35-44,Male,31.0,33190.61,0.6040283682643977,20048.07,False,13142.54
D&N Haveli & Daman & Diu,25,Rural,35-44,Female,10.0,13531.76,0.030890290693893478,418.0,True,13113.76
Kerala,32,Rural,35-44,Transgender,1.0,12954.54,0.0,0.0,True,12954.54
West Bengal,19,Urban,45-59,Transgender,1.0,12918.75,0.0,0.0,True,12918.75
Bihar,10,Rural,45-59,Transgender,2.0,26928.190000000002,0.5237890106984538,14104.69,True,12823.500000000002
Puducherry,34,Rural,45-59,Female,11.0,27470.61,0.5341410329075328,14673.18,True,12797.43
Bihar,10,Rural,60+,Transgender,1.0,12649.96,0.0,0.0,True,12649.96
Andaman & N. Islands,35,Rural,60+,Female,12.0,12604.82,0.0,0.0,True,12604.82
Madhya Pradesh,23,Urban,60+,Transgender,1.0,12518.33,0.0,0.0,True,12518.33
Mizoram,15,Urban,45-59,Female,79.0,36219.33999999998,0.6548567698914451,23718.480000000003,False,12500.859999999979
Uttar Pradesh,09,Urban,60+,Transgender,2.0,12364.380000000001,0.0,0.0,True,12364.380000000001
Uttar Pradesh,09,Rural,25-34,Transgender,2.0,15398.21,0.205162158458678,3159.13,True,12239.079999999998
Puducherry,34,Rural,35-44,Female,5.0,22542.940000000002,0.46241794548537146,10424.26,True,12118.680000000002
Mizoram,15,Rural,35-44,Female,54.0,36925.57000000001,0.6740451129122718,24889.5,False,12036.070000000007
Mizoram,15,Rural,15-24,Male,57.0,37622.0,0.681520387007602,25640.160000000003,False,11981.839999999997
Goa,30,Rural,15-24,Male,9.0,22935.88,0.4803883696636013,11018.130000000001,True,11917.75
West Bengal,19,Rural,60+,Transgender,1.0,11877.88,0.0,0.0,True,11877.88
West Bengal,19,Rural,35-44,Transgender,1.0,11877.88,0.0,0.0,True,11877.88
Gujarat,24,Rural,15-24,Transgender,2.0,21145.629999999997,0.44137393872871133,9333.13,True,11812.499999999998
Andaman & N. Islands,35,Rural,15-24,Male,13.0,21885.760000000002,0.46677017384820074,10215.619999999999,True,11670.140000000003
Tamil Nadu,33,Rural,60+,Transgender,1.0,11497.5,0.0,0.0,True,11497.5
Gujarat,24,Urban,35-44,Transgender,1.0,11446.31,0.0,0.0,True,11446.31
D&N Haveli & Daman & Diu,25,Rural,25-34,Female,18.0,18581.760000000002,0.403191086312599,7492.0,True,11089.760000000002
Himachal Pradesh,02,Rural,25-34,Male,49.0,405359.54,0.9738775113076159,394770.54,False,10589.0
Sikkim,11,Rural,15-24,Male,55.0,44395.81000000001,0.7688527363280453,34133.840000000004,False,10261.970000000008
Nagaland,13,Urban,15-24,Female,60.0,42952.99999999999,0.7624517495867578,32749.59,False,10203.409999999993
Telangana,36,Rural,60+,Transgender,1.0,10188.06,0.0,0.0,True,10188.06
Arunachal Pradesh,12,Urban,15-24,Female,103.0,29657.659999999996,0.6590992006786779,19547.339999999997,False,10110.32
Arunachal Pradesh,12,Urban,45-59,Female,86.0,20391.46,0.5065512719540435,10329.32,False,10062.14
Himachal Pradesh,02,Urban,25-34,Male,46.0,106614.5,0.9061924034723232,96613.25,False,10001.25
D&N Haveli & Daman & Diu,25,Urban,15-24,Female,13.0,36229.68000000001,0.7265360886433443,26322.170000000002,True,9907.510000000006
Bihar,10,Rural,15-24,Transgender,1.0,9884.0,0.0,0.0,True,9884.0
Andaman & N. Islands,35,Urban,45-59,Male,13.0,20551.21,0.5222568403514927,10733.01,True,9818.199999999999
Meghalaya,17,Urban,45-59,Female,49.0,31982.41,0.6992168507626537,22362.640000000003,False,9619.769999999997
Haryana,06,Urban,45-59,Transgender,1.0,9509.5,0.0,0.0,True,9509.5
D&N Haveli & Daman & Diu,25,Urban,15-24,Male,20.0,76085.13,0.8763588890496737,66677.88,True,9407.25
Jharkhand,20,Rural,15-24,Transgender,1.0,9405.0,0.0,0.0,True,9405.0
Nagaland,13,Urban,15-24,Male,56.0,39198.96,0.7634572447840453,29926.73,False,9272.23
Goa,30,Urban,15-24,Female,5.0,27579.74,0.6645976358007727,18329.430000000004,True,9250.309999999998
Odisha,21,Rural,45-59,Transgender,1.0,9105.67,0.0,0.0,True,9105.67
Meghalaya,17,Urban,15-24,Female,80.0,58677.49,0.8451641336396633,49592.11,False,9085.379999999997
Andaman & N. Islands,35,Rural,35-44,Male,15.0,20213.260000000002,0.5650162319190472,11420.82,True,8792.440000000002
Mizoram,15,Rural,45-59,Male,56.0,35107.0,0.7517042185319167,26390.08,False,8716.919999999998
Uttar Pradesh,09,Urban,15-24,Transgender,2.0,12940.88,0.32774046278151103,4241.25,True,8699.63
D&N Haveli & Daman & Diu,25,Rural,35-44,Male,13.0,15416.880000000001,0.4358132125306806,6718.88,True,8698.0
Goa,30,Rural,25-34,Female,8.0,26499.260000000002,0.6749248846948934,17885.010000000002,True,8614.25
Mizoram,15,Urban,35-44,Female,94.0,44918.539999999986,0.8116261125138974,36457.05999999999,False,8461.479999999996
Sikkim,11,Rural,15-24,Female,47.0,36203.420000000006,0.7667250773545704,27758.070000000007,False,8445.349999999999
Gujarat,24,Rural,45-59,Transgender,1.0,8410.5,0.0,0.0,True,8410.5
Mizoram,15,Rural,25-34,Male,67.0,40918.07000000001,0.7957032186513194,32558.64,False,8359.430000000008
Meghalaya,17,Urban,60+,Female,16.0,15336.78,0.45550239359239686,6985.9400000000005,True,8350.84
D&N Haveli & Daman & Diu,25,Urban,60+,Female,11.0,10206.43,0.19872374571716064,2028.26,True,8178.17
Manipur,14,Urban,25-34,Male,80.0,65318.310000000005,0.875284740220621,57172.119999999995,False,8146.19000000001
Chhattisgarh,22,Rural,60+,Transgender,1.0,8026.44,0.0,0.0,True,8026.44
Tamil Nadu,33,Rural,45-59,Transgender,1.0,7843.25,0.0,0.0,True,7843.25
Goa,30,Rural,35-44,Male,7.0,33567.51,0.7664035848950369,25726.260000000002,True,7841.25
Sikkim,11,Rural,35-44,Male,53.0,41174.39,0.8121927246523871,33441.54,False,7732.8499999999985
Mizoram,15,Urban,45-59,Male,80.0,36320.259999999995,0.7924164089133724,28780.77,False,7539.489999999994
Mizoram,15,Rural,25-34,Female,62.0,37384.13000000001,0.7994483220553745,29886.679999999997,False,7497.450000000015
Nagaland,13,Urban,25-34,Female,61.0,42750.770000000004,0.8256284038860586,35296.25,False,7454.520000000004
Mizoram,15,Rural,35-44,Male,48.0,31659.42,0.7661188992091454,24254.88,False,7404.539999999997
Madhya Pradesh,23,Urban,15-24,Transgender,1.0,7386.88,0.0,0.0,True,7386.88
Maharashtra,27,Rural,60+,Transgender,1.0,7381.0,0.0,0.0,True,7381.0
Puducherry,34,Urban,60+,Female,10.0,20281.129999999997,0.6480595509224585,13143.38,True,7137.749999999998
Mizoram,15,Urban,15-24,Female,71.0,31748.75000000001,0.7819819677940076,24826.950000000008,False,6921.800000000003
West Bengal,19,Urban,15-24,Transgender,1.0,6766.0,0.0,0.0,True,6766.0
Meghalaya,17,Urban,60+,Male,16.0,8248.45,0.19424134231279816,1602.19,True,6646.26
Maharashtra,27,Rural,15-24,Transgender,2.0,10535.21,0.37753210424851524,3977.38,True,6557.829999999999
Meghalaya,17,Urban,45-59,Male,40.0,23566.880000000005,0.7286437576802698,17171.86,False,6395.020000000004
Maharashtra,27,Urban,25-34,Transgender,1.0,6385.5,0.0,0.0,True,6385.5
Andaman & N. Islands,35,Urban,60+,Male,4.0,6351.82,0.0,0.0,True,6351.82
Ladakh,37,Rural,45-59,Female,4.0,6326.870000000001,0.0,0.0,True,6326.870000000001
Chandigarh,04,Urban,15-24,Male,10.0,65561.68000000001,0.9049511848994717,59330.12,True,6231.560000000005
Chandigarh,04,Urban,60+,Female,1.0,6080.0,0.0,0.0,True,6080.0
Bihar,10,Urban,35-44,Transgender,1.0,6074.06,0.0,0.0,True,6074.06
Sikkim,11,Rural,25-34,Female,47.0,34426.18000000001,0.8240330469427627,28368.310000000005,False,6057.870000000003
Andaman & N. Islands,35,Urban,25-34,Female,9.0,14635.830000000002,0.5951114490944484,8709.95,True,5925.880000000001
Punjab,03,Urban,35-44,Transgender,1.0,5827.5,0.0,0.0,True,5827.5
D&N Haveli & Daman & Diu,25,Urban,60+,Male,5.0,7120.15,0.18159870227453073,1293.01,True,5827.139999999999
Jharkhand,20,Urban,35-44,Transgender,1.0,5703.13,0.0,0.0,True,5703.13
Arunachal Pradesh,12,Urban,60+,Female,29.0,6453.52,0.1336789844921841,862.6999999999999,True,5590.820000000001
Haryana,06,Rural,25-34,Transgender,1.0,5574.81,0.0,0.0,True,5574.81
Arunachal Pradesh,12,Urban,60+,Male,37.0,8160.01,0.31854005080876124,2599.29,False,5560.72
Arunachal Pradesh,12,Urban,15-24,Male,107.0,25280.94,0.7816097819147547,19759.829999999998,False,5521.110000000001
Arunachal Pradesh,12,Urban,35-44,Female,80.0,19324.25,0.7149276168544705,13815.44,False,5508.8099999999995
Madhya Pradesh,23,Urban,25-34,Transgender,2.0,5496.0,0.0,0.0,True,5496.0
Manipur,14,Urban,35-44,Male,81.0,55783.51000000001,0.9022051498731434,50328.17,False,5455.340000000011
Gujarat,24,Rural,25-34,Transgender,1.0,5386.5,0.0,0.0,True,5386.5
Sikkim,11,Urban,45-59,Female,36.0,16886.89,0.6817353580203341,11512.39,False,5374.5
Arunachal Pradesh,12,Urban,45-59,Male,111.0,26569.019999999997,0.7993975690484632,21239.209999999995,False,5329.810000000001
Meghalaya,17,Urban,35-44,Male,51.0,28118.140000000003,0.8111429134359528,22807.830000000005,False,5310.309999999998
Andaman & N. Islands,35,Urban,35-44,Female,6.0,9927.01,0.4717875775283797,4683.4400000000005,True,5243.57
Ladakh,37,Rural,15-24,Female,6.0,7850.640000000001,0.3333333333333333,2616.88,True,5233.760000000001
Ladakh,37,Rural,35-44,Female,4.0,5233.76,0.0,0.0,True,5233.76
Chhattisgarh,22,Rural,45-59,Transgender,1.0,5213.0,0.0,0.0,True,5213.0
Puducherry,34,Rural,60+,Transgender,1.0,5212.13,0.0,0.0,True,5212.13
Andaman & N. Islands,35,Rural,25-34,Female,10.0,16604.25,0.6879937365433548,11423.619999999999,True,5180.630000000001
Andaman & N. Islands,35,Urban,60+,Female,3.0,5166.07,0.0,0.0,True,5166.07
D&N Haveli & Daman & Diu,25,Rural,60+,Female,6.0,5062.88,0.0,0.0,True,5062.88
Puducherry,34,Urban,35-44,Female,13.0,10257.0,0.525738520035098,5392.5,True,4864.5
Chhattisgarh,22,Rural,25-34,Transgender,1.0,4794.94,0.0,0.0,True,4794.94
Nagaland,13,Urban,25-34,Male,64.0,46874.520000000004,0.8983562925017685,42110.020000000004,False,4764.5
Sikkim,11,Urban,60+,Female,9.0,5329.740000000001,0.10876140299526804,579.67,True,4750.070000000001
Mizoram,15,Urban,25-34,Male,77.0,35683.32999999999,0.8672225938554506,30945.390000000007,False,4737.9399999999805
Mizoram,15,Urban,35-44,Male,68.0,31467.02,0.8507790060831945,26771.480000000003,False,4695.539999999997
Ladakh,37,Rural,60+,Female,3.0,4654.0599999999995,0.0,0.0,True,4654.0599999999995
Puducherry,34,Urban,60+,Male,10.0,22008.129999999997,0.8011984662031713,17632.879999999997,True,4375.25
Punjab,03,Urban,45-59,Transgender,2.0,8494.0,0.5,4247.0,True,4247.0
Nagaland,13,Urban,35-44,Male,70.0,47759.969999999994,0.911635622886698,43539.69,False,4220.279999999992
Gujarat,24,Urban,15-24,Transgender,1.0,4183.81,0.0,0.0,True,4183.81
Arunachal Pradesh,12,Urban,25-34,Female,102.0,25379.3,0.8383127194209453,21275.789999999997,False,4103.510000000002
Goa,30,Rural,25-34,Male,7.0,30920.520000000004,0.8681619843392026,26844.020000000004,True,4076.5
Sikkim,11,Urban,45-59,Male,35.0,16577.96,0.7542447924835143,12503.84,False,4074.119999999999
Jharkhand,20,Rural,60+,Transgender,1.0,3991.46,0.0,0.0,True,3991.46
Ladakh,37,Rural,45-59,Male,5.0,7270.9400000000005,0.4601358283798243,3345.62,True,3925.3200000000006
Andaman & N. Islands,35,Rural,15-24,Female,10.0,8924.880000000001,0.5652602612023915,5044.88,True,3880.000000000001
Meghalaya,17,Urban,35-44,Female,51.0,30598.790000000005,0.8742574461277718,26751.220000000005,False,3847.5699999999997
Rajasthan,08,Urban,35-44,Transgender,3.0,10212.51,0.6233541019788476,6366.01,True,3846.5
Puducherry,34,Rural,35-44,Male,8.0,28318.510000000002,0.8675248097445805,24567.010000000002,True,3751.5
Tamil Nadu,33,Urban,35-44,Transgender,1.0,3614.63,0.0,0.0,True,3614.63
D&N Haveli & Daman & Diu,25,Urban,45-59,Female,14.0,19246.63,0.8136536110477522,15660.09,True,3586.540000000001
Andaman & N. Islands,35,Urban,25-34,Male,11.0,17433.27,0.7961151292901446,13878.89,True,3554.380000000001
Jharkhand,20,Rural,45-59,Transgender,1.0,3451.0,0.0,0.0,True,3451.0
Punjab,03,Rural,35-44,Transgender,1.0,3385.81,0.0,0.0,True,3385.81
Assam,18,Urban,35-44,Transgender,1.0,3267.58,0.0,0.0,True,3267.58
Sikkim,11,Rural,25-34,Male,54.0,42286.75,0.9232142455970251,39039.73,False,3247.019999999997
Chhattisgarh,22,Urban,35-44,Transgender,1.0,3211.54,0.0,0.0,True,3211.54
Rajasthan,08,Urban,45-59,Transgender,1.0,3173.5,0.0,0.0,True,3173.5
Sikkim,11,Urban,15-24,Female,42.0,30216.090000000004,0.8972328981016405,27110.870000000003,False,3105.220000000001
Ladakh,37,Rural,60+,Male,4.0,6326.870000000001,0.5287954391349908,3345.62,True,2981.250000000001
Ladakh,37,Rural,25-34,Female,10.0,15999.36,0.813664421576863,13018.11,True,2981.25
Andaman & N. Islands,35,Urban,35-44,Male,9.0,13618.45,0.7824319214007468,10655.51,True,2962.9400000000005
Arunachal Pradesh,12,Urban,35-44,Male,93.0,20918.149999999994,0.8654331286466538,18103.259999999995,False,2814.8899999999994
Arunachal Pradesh,12,Urban,25-34,Male,84.0,22986.39,0.88073725365314,20244.97,False,2741.4199999999983
Lakshadweep,31,Urban,60+,Female,8.0,2714.24,0.0,0.0,True,2714.24
Meghalaya,17,Urban,15-24,Male,81.0,56451.61999999999,0.9529629087703773,53796.299999999996,False,2655.3199999999924
Ladakh,37,Rural,15-24,Male,6.0,7850.640000000001,0.6666666666666666,5233.76,True,2616.880000000001
Sikkim,11,Urban,60+,Male,9.0,5857.660000000001,0.5754669953530932,3370.8900000000003,True,2486.7700000000004
Lakshadweep,31,Urban,60+,Male,9.0,2914.62,0.15621590464623175,455.31,True,2459.31
Puducherry,34,Urban,25-34,Female,21.0,57080.509999999995,0.9573935131273354,54648.509999999995,True,2432.0
Andaman & N. Islands,35,Urban,15-24,Female,9.0,13047.82,0.831149571346018,10844.69,True,2203.129999999999
Assam,18,Urban,25-34,Transgender,1.0,2105.25,0.0,0.0,True,2105.25
Sikkim,11,Urban,35-44,Female,20.0,7237.47,0.7206993604118566,5216.04,True,2021.4300000000003
Lakshadweep,31,Urban,45-59,Female,6.0,2012.81,0.0,0.0,True,2012.81
Puducherry,34,Rural,25-34,Female,9.0,30309.57,0.9381136057027533,28433.82,True,1875.75
Lakshadweep,31,Urban,35-44,Female,9.0,3559.19,0.49242383800808615,1752.63,True,1806.56
Ladakh,37,Urban,60+,Female,9.0,2040.5,0.15608919382504288,318.5,True,1722.0
Ladakh,37,Urban,60+,Male,10.0,2409.75,0.29048656499636893,700.0,True,1709.75
D&N Haveli & Daman & Diu,25,Rural,15-24,Male,11.0,17026.0,0.9027369904851403,15370.0,True,1656.0
D&N Haveli & Daman & Diu,25,Rural,25-34,Male,13.0,12947.52,0.8720990583524876,11291.52,True,1656.0
Sikkim,11,Urban,15-24,Male,29.0,16485.840000000004,0.8996223425679248,14831.03,True,1654.8100000000031
Assam,18,Urban,60+,Transgender,1.0,1595.63,0.0,0.0,True,1595.63
Ladakh,37,Urban,45-59,Female,16.0,3557.75,0.5705853418593212,2030.0,True,1527.75
D&N Haveli & Daman & Diu,25,Urban,45-59,Male,17.0,23574.52,0.9357615764817269,22060.13,True,1514.3899999999994
Mizoram,15,Urban,25-34,Female,66.0,28951.240000000005,0.9496860928927396,27494.590000000004,False,1456.6500000000015
Lakshadweep,31,Urban,45-59,Male,7.0,2880.63,0.5337617118477556,1537.5700000000002,True,1343.06
D&N Haveli & Daman & Diu,25,Rural,60+,Male,3.0,1316.88,0.0,0.0,True,1316.88
Ladakh,37,Rural,35-44,Male,6.0,8215.010000000002,0.8407256960125429,6906.5700000000015,True,1308.4400000000005
Lakshadweep,31,Rural,60+,Female,5.0,1267.8899999999999,0.0,0.0,True,1267.8899999999999
Andaman & N. Islands,35,Urban,15-24,Male,13.0,20784.45,0.9429501382042825,19598.7,True,1185.75
Lakshadweep,31,Rural,45-59,Female,6.0,1400.88,0.16114870652732566,225.75,True,1175.13
Sikkim,11,Urban,35-44,Male,33.0,17030.63,0.9313560332177965,15861.580000000002,False,1169.0499999999993
Lakshadweep,31,Urban,35-44,Male,10.0,3601.99,0.6852101199614657,2468.12,True,1133.87
Uttarakhand,05,Urban,45-59,Transgender,1.0,1039.5,0.0,0.0,True,1039.5
Ladakh,37,Urban,35-44,Female,13.0,2919.0,0.6498800959232613,1897.0,True,1022.0
Sikkim,11,Urban,25-34,Male,30.0,11883.32,0.9170467512446018,10897.560000000001,False,985.7599999999984
Delhi,07,Rural,45-59,Transgender,1.0,950.0,0.0,0.0,True,950.0
Lakshadweep,31,Rural,35-44,Female,7.0,1626.63,0.41635159808930117,677.25,True,949.3800000000001
Himachal Pradesh,02,Urban,15-24,Male,50.0,73861.06,0.9877895064056759,72959.18000000001,False,901.8799999999901
Ladakh,37,Urban,15-24,Male,9.0,2068.5,0.6446700507614214,1333.5,True,735.0
Sikkim,11,Urban,25-34,Female,46.0,20483.74,0.9642116136994513,19750.66,False,733.0800000000017
Lakshadweep,31,Rural,60+,Male,3.0,723.63,0.0,0.0,True,723.63
Lakshadweep,31,Urban,15-24,Male,13.0,3981.59,0.8310499071978782,3308.9,True,672.69
Puducherry,34,Urban,35-44,Male,17.0,42382.88,0.9841445413808595,41710.88,True,672.0
Puducherry,34,Urban,15-24,Male,21.0,85971.38,0.9921834452349142,85299.38,True,672.0
Lakshadweep,31,Rural,15-24,Female,7.0,1719.3900000000003,0.6834575052780346,1175.13,True,544.2600000000002
Lakshadweep,31,Rural,35-44,Male,5.0,1314.27,0.5858841790499669,770.01,True,544.26
Meghalaya,17,Urban,25-34,Male,68.0,50234.21999999999,0.9892427910695141,49693.83999999999,False,540.3799999999974
Lakshadweep,31,Rural,45-59,Male,4.0,949.38,0.47557353219996207,451.5,True,497.88
Lakshadweep,31,Rural,25-34,Female,6.0,1493.6399999999999,0.6666666666666667,995.76,True,497.8799999999999
Lakshadweep,31,Urban,15-24,Female,6.0,2244.87,0.7971775648478531,1789.56,True,455.30999999999995
Ladakh,37,Urban,45-59,Male,14.0,3048.5,0.8559127439724454,2609.25,True,439.25
Arunachal Pradesh,12,Rural,45-59,Transgender,1.0,400.56,0.0,0.0,True,400.56
Ladakh,37,Urban,35-44,Male,11.0,2658.25,0.880184331797235,2339.75,True,318.5
Nagaland,13,Rural,35-44,Transgender,1.0,292.94,0.0,0.0,True,292.94
Arunachal Pradesh,12,Rural,35-44,Transgender,1.0,282.75,0.0,0.0,True,282.75
D&N Haveli & Daman & Diu,25,Urban,35-44,Male,16.0,64960.42999999999,0.996149502089195,64710.299999999996,True,250.12999999999738
Lakshadweep,31,Rural,25-34,Male,7.0,1719.3900000000003,0.8687034355207368,1493.6399999999999,True,225.75000000000045
Odisha,21,Urban,25-34,Transgender,1.0,1258.69,1.0,1258.69,True,0.0
Puducherry,34,Rural,15-24,Female,10.0,38792.06,1.0,38792.06,True,0.0
Puducherry,34,Rural,15-24,Male,8.0,25031.420000000002,1.0,25031.420000000002,True,0.0
Maharashtra,27,Urban,15-24,Transgender,5.0,48274.13,1.0,48274.13,True,0.0
Maharashtra,27,Urban,60+,Transgender,1.0,1508.63,1.0,1508.63,True,0.0
Rajasthan,08,Rural,15-24,Transgender,1.0,8262.63,1.0,8262.63,True,0.0
Mizoram,15,Rural,45-59,Transgender,1.0,903.79,1.0,903.79,True,0.0
Meghalaya,17,Urban,25-34,Female,57.0,57190.84999999999,1.0,57190.84999999999,False,0.0
Nagaland,13,Rural,25-34,Transgender,1.0,1678.25,1.0,1678.25,True,0.0
Puducherry,34,Rural,25-34,Male,6.0,18042.57,1.0,18042.57,True,0.0
Puducherry,34,Rural,25-34,Transgender,1.0,5212.13,1.0,5212.13,True,0.0
Mizoram,15,Urban,45-59,Transgender,1.0,570.0,1.0,570.0,True,0.0
Mizoram,15,Urban,35-44,Transgender,1.0,466.67,1.0,466.67,True,0.0
Mizoram,15,Rural,15-24,Transgender,1.0,903.79,1.0,903.79,True,0.0
Lakshadweep,31,Urban,25-34,Female,7.0,2026.87,1.0,2026.87,True,0.0
Lakshadweep,31,Rural,15-24,Male,3.0,677.25,1.0,677.25,True,0.0
Sikkim,11,Rural,15-24,Transgender,1.0,910.0,1.0,910.0,True,0.0
Punjab,03,Urban,25-34,Transgender,1.0,5058.19,1.0,5058.19,True,0.0
Madhya Pradesh,23,Urban,45-59,Transgender,1.0,3760.5,1.0,3760.5,True,0.0
Tripura,16,Rural,45-59,Transgender,1.0,2053.33,1.0,2053.33,True,0.0
Goa,30,Urban,15-24,Male,6.0,33794.81,1.0,33794.81,True,0.0
Haryana,06,Urban,25-34,Transgender,1.0,15159.75,1.0,15159.75,True,0.0
Ladakh,37,Urban,15-24,Female,6.0,1256.5,1.0,1256.5,True,0.0
Lakshadweep,31,Urban,25-34,Male,10.0,3341.19,1.0,3341.19,True,0.0
Ladakh,37,Urban,25-34,Male,12.0,2912.0,1.0,2912.0,True,0.0
Ladakh,37,Urban,25-34,Female,8.0,1648.5,1.0,1648.5,True,0.0
Tamil Nadu,33,Urban,25-34,Transgender,1.0,14907.38,1.0,14907.38,True,0.0
Telangana,36,Rural,15-24,Transgender,1.0,16607.25,1.0,16607.25,True,0.0
Kerala,32,Rural,45-59,Transgender,1.0,10967.06,1.0,10967.06,True,0.0
Kerala,32,Rural,25-34,Male,48.0,584958.18,1.0,584958.18,False,0.0
Tamil Nadu,33,Rural,35-44,Transgender,1.0,15695.0,1.0,15695.0,True,0.0
Ladakh,37,Rural,25-34,Male,12.0,19344.979999999996,1.0,19344.979999999996,True,0.0
Goa,30,Urban,25-34,Male,7.0,35216.69,1.0,35216.69,True,0.0
Gujarat,24,Rural,35-44,Transgender,1.0,13705.88,1.0,13705.88,True,0.0
Jammu & Kashmir,01,Rural,15-24,Transgender,1.0,8393.38,1.0,8393.38,True,0.0
Karnataka,29,Rural,35-44,Transgender,1.0,8275.88,1.0,8275.88,True,0.0
Telangana,36,Urban,35-44,Transgender,1.0,1714.31,1.0,1714.31,True,0.0
Chhattisgarh,22,Urban,25-34,Transgender,1.0,693.0,1.0,693.0,True,0.0
Chandigarh,04,Urban,60+,Male,2.0,11458.5,1.0,11458.5,True,0.0
Chandigarh,04,Urban,45-59,Male,12.0,74764.23999999999,1.0,74764.23999999999,True,0.0
Uttar Pradesh,09,Rural,45-59,Transgender,1.0,13282.31,1.0,13282.31,True,0.0
Chandigarh,04,Urban,35-44,Male,12.0,76621.92,1.0,76621.92,True,0.0
D&N Haveli & Daman & Diu,25,Urban,25-34,Male,21.0,91129.5,1.0,91129.5,True,0.0
Assam,18,Urban,15-24,Transgender,1.0,1359.13,1.0,1359.13,True,0.0
Andaman & N. Islands,35,Rural,25-34,Male,12.0,18839.81,1.0,18839.81,True,0.0
Andhra Pradesh,28,Urban,25-34,Transgender,1.0,5407.5,1.0,5407.5,True,0.0
