state,sector,age_band,sex,adults,capable_adults,excluded_adults,sample_n
Uttar Pradesh,Rural,45-59,Female,9480878.53,760518.0,8720360.530000001,761.0
Uttar Pradesh,Rural,15-24,Female,13658224.69,5731617.51,7926607.180000002,1088.0
Uttar Pradesh,Rural,45-59,Male,9956358.27,2200839.77,7755518.5,802.0
Uttar Pradesh,Rural,25-34,Female,11435917.11,3839111.23,7596805.879999999,936.0
Uttar Pradesh,Rural,35-44,Female,8975347.5,1792292.67,7183054.83,713.0
Uttar Pradesh,Rural,60+,Female,6171054.92,225485.06,5945569.86,504.0
Uttar Pradesh,Rural,60+,Male,6217862.55,606759.1599999999,5611103.39,523.0
Bihar,Rural,15-24,Female,9191337.81,3712230.71,5479107.099999999,731.0
West Bengal,Rural,45-59,Female,5730394.4,264783.5,5465610.9,396.0
Uttar Pradesh,Rural,15-24,Male,15739879.02,10512229.88,5227649.139999999,1246.0
Uttar Pradesh,Rural,35-44,Male,8941763.32,4035385.49,4906377.83,705.0
Maharashtra,Rural,45-59,Female,5402146.61,530684.2,4871462.41,548.0
Bihar,Rural,45-59,Female,5550747.609999999,765242.07,4785505.539999999,419.0
Bihar,Rural,35-44,Female,5922179.33,1210457.96,4711721.37,466.0
Bihar,Rural,25-34,Female,7269744.220000001,2815027.06,4454717.16,550.0
West Bengal,Rural,45-59,Male,5227073.4,1219681.11,4007392.29,364.0
West Bengal,Rural,25-34,Female,5792295.17,1806746.71,3985548.46,410.0
West Bengal,Rural,60+,Male,4213387.68,301143.42000000004,3912244.26,295.0
Bihar,Rural,45-59,Male,5509757.98,1729549.65,3780208.330000001,417.0
Maharashtra,Rural,60+,Male,4088638.45,476415.99,3612222.46,453.0
Maharashtra,Rural,60+,Female,3682056.69,122937.79,3559118.9000000004,419.0
West Bengal,Rural,35-44,Female,4303240.16,757991.01,3545249.1500000004,304.0
Bihar,Rural,60+,Male,3962439.94,473256.2,3489183.74,303.0
West Bengal,Rural,15-24,Female,5637750.04,2257090.1,3380659.94,392.0
Uttar Pradesh,Rural,25-34,Male,10610952.82,7244340.72,3366612.100000001,876.0
West Bengal,Rural,60+,Female,3421459.95,61185.31,3360274.64,236.0
Madhya Pradesh,Rural,45-59,Female,3610527.68,293624.17,3316903.51,344.0
Tamil Nadu,Rural,45-59,Female,3794325.77,497655.20000000007,3296670.57,277.0
Maharashtra,Rural,45-59,Male,5500683.09,2208772.27,3291910.82,533.0
Bihar,Rural,60+,Female,3402999.1,126967.51,3276031.5900000003,262.0
Maharashtra,Rural,35-44,Female,4036645.270000001,770643.96,3266001.3100000005,427.0
Madhya Pradesh,Rural,45-59,Male,4197847.0600000005,1044003.67,3153843.3900000006,395.0
Madhya Pradesh,Rural,35-44,Female,3698739.26,580630.8,3118108.46,343.0
Tamil Nadu,Rural,60+,Female,2946344.27,35440.130000000005,2910904.14,214.0
Rajasthan,Rural,60+,Female,2943613.66,119806.11,2823807.5500000003,293.0
Karnataka,Rural,45-59,Female,3676105.74,868056.97,2808048.7700000005,317.0
Andhra Pradesh,Rural,45-59,Female,3261222.0700000003,468287.47,2792934.6,278.0
Madhya Pradesh,Rural,25-34,Female,3895040.4,1144432.2999999998,2750608.100000001,379.0
Rajasthan,Rural,45-59,Female,3119959.93,393538.2,2726421.7299999995,315.0
Odisha,Rural,45-59,Female,3214737.1100000003,489035.73,2725701.3800000004,268.0
Uttar Pradesh,Urban,45-59,Female,3432518.41,724037.85,2708480.56,447.0
Maharashtra,Urban,45-59,Female,4609918.84,1915404.9,2694513.94,443.0
Bihar,Rural,15-24,Male,9540248.2,6935719.529999999,2604528.67,751.0
Maharashtra,Urban,60+,Female,3254374.6100000003,672869.71,2581504.9000000004,289.0
Rajasthan,Rural,35-44,Female,3150039.08,608807.44,2541231.64,305.0
Gujarat,Rural,60+,Female,2628159.7800000003,122646.26,2505513.5200000005,279.0
Odisha,Rural,45-59,Male,3572869.8200000003,1068437.41,2504432.41,302.0
Gujarat,Rural,45-59,Female,2884245.03,394201.22,2490043.81,310.0
Madhya Pradesh,Rural,60+,Female,2558275.49,69677.26999999999,2488598.22,237.0
Tamil Nadu,Rural,60+,Male,2680506.0,232353.04,2448152.96,192.0
Bihar,Rural,35-44,Male,5642698.46,3212140.65,2430557.81,441.0
Tamil Nadu,Rural,45-59,Male,3448921.04,1048465.71,2400455.33,251.0
Rajasthan,Rural,25-34,Female,3821115.46,1425743.96,2395371.5,392.0
Madhya Pradesh,Rural,15-24,Female,4546979.18,2155130.43,2391848.7499999995,429.0
Rajasthan,Rural,60+,Male,2665826.01,318968.16000000003,2346857.85,273.0
West Bengal,Rural,35-44,Male,4604310.210000001,2258032.1,2346278.110000001,333.0
Tamil Nadu,Urban,45-59,Female,3362714.18,1060778.8200000003,2301935.36,276.0
Karnataka,Rural,60+,Female,2368674.13,118353.45,2250320.68,220.0
Maharashtra,Rural,25-34,Female,5012909.36,2777387.91,2235521.45,425.0
West Bengal,Urban,45-59,Female,2727311.1,492263.88,2235047.22,296.0
Odisha,Rural,35-44,Female,2690565.4400000004,465696.29,2224869.1500000004,238.0
Gujarat,Urban,45-59,Female,2937812.5700000003,794643.38,2143169.1900000004,213.0
Madhya Pradesh,Rural,60+,Male,2260176.27,125785.24,2134391.03,216.0
Karnataka,Rural,60+,Male,2398999.16,265826.24,2133172.92,224.0
Rajasthan,Rural,45-59,Male,3178932.7,1050188.75,2128743.95,320.0
Rajasthan,Rural,15-24,Female,3984798.77,1889140.17,2095658.6,398.0
Uttar Pradesh,Urban,45-59,Male,3638918.94,1546965.15,2091953.79,478.0
Maharashtra,Rural,15-24,Female,4657251.050000001,2596987.65,2060263.4000000008,433.0
Kerala,Rural,60+,Female,2200717.8200000003,152661.52000000002,2048056.3000000005,169.0
Tamil Nadu,Urban,60+,Female,2341273.7700000005,309590.16000000003,2031683.6100000003,207.0
Maharashtra,Urban,35-44,Female,5024954.89,3012337.8000000003,2012617.0899999996,423.0
Madhya Pradesh,Rural,35-44,Male,4007117.52,2006744.9,2000372.62,371.0
Assam,Rural,45-59,Female,2242717.75,262545.83,1980171.92,252.0
Gujarat,Rural,45-59,Male,2678503.17,713199.72,1965303.45,289.0
Andhra Pradesh,Rural,60+,Female,2061771.93,101721.15,1960050.7800000005,174.0
Uttar Pradesh,Urban,35-44,Female,3280050.17,1329402.2800000005,1950647.89,432.0
West Bengal,Rural,25-34,Male,5455524.640000001,3515153.66,1940370.9800000004,385.0
Odisha,Rural,60+,Female,2006091.94,80178.75,1925913.19,175.0
Tamil Nadu,Rural,35-44,Female,3034355.78,1129991.61,1904364.1699999997,228.0
West Bengal,Urban,60+,Female,2002636.41,99628.03,1903008.38,216.0
Uttar Pradesh,Urban,15-24,Female,4074487.54,2188385.01,1886102.53,551.0
Uttar Pradesh,Urban,25-34,Female,4006036.45,2123248.54,1882787.91,535.0
Gujarat,Urban,60+,Female,2064806.16,199540.97,1865265.19,176.0
Odisha,Rural,25-34,Female,3084381.01,1229056.13,1855324.8800000004,262.0
Andhra Pradesh,Rural,60+,Male,1996843.12,171807.95,1825035.17,165.0
Gujarat,Rural,60+,Male,2063449.61,252415.95,1811033.66,224.0
Uttar Pradesh,Urban,60+,Female,2088990.03,290389.29000000004,1798600.74,286.0
Odisha,Rural,60+,Male,2003768.58,268863.6,1734904.98,187.0
Chhattisgarh,Rural,45-59,Female,1811324.71,95587.88,1715736.83,192.0
Assam,Rural,35-44,Female,2330659.07,641259.58,1689399.4899999998,241.0
Uttar Pradesh,Urban,60+,Male,2186934.68,531105.3200000001,1655829.3599999996,295.0
Maharashtra,Urban,60+,Male,2823333.55,1167674.1800000002,1655659.3699999996,285.0
Assam,Rural,45-59,Male,2319206.1900000004,687836.56,1631369.6300000004,251.0
Gujarat,Rural,35-44,Female,2219181.3200000003,594742.27,1624439.0500000005,242.0
West Bengal,Urban,60+,Male,2057493.8400000003,437817.96,1619675.8800000004,224.0
Bihar,Rural,25-34,Male,6725155.5,5106936.789999999,1618218.710000001,509.0
West Bengal,Rural,15-24,Male,4682667.41,3082612.21,1600055.2000000002,329.0
Karnataka,Rural,45-59,Male,3117710.2800000003,1527111.05,1590599.2300000002,295.0
Gujarat,Rural,15-24,Female,2948253.85,1357767.86,1590485.9900000002,348.0
Gujarat,Urban,60+,Male,2184489.9799999995,619265.9099999999,1565224.0699999996,159.0
Andhra Pradesh,Rural,45-59,Male,2727312.2900000005,1220445.53,1506866.7600000005,233.0
Chhattisgarh,Rural,45-59,Male,1766134.38,264299.03,1501835.35,190.0
Jharkhand,Rural,35-44,Female,1763934.6100000003,278786.53,1485148.0800000003,215.0
Odisha,Rural,15-24,Female,2994632.7300000004,1511421.83,1483210.9000000004,254.0
Karnataka,Rural,35-44,Female,2735257.68,1254389.9500000002,1480867.7299999995,263.0
West Bengal,Urban,45-59,Male,2851909.92,1380094.89,1471815.0299999998,300.0
Andhra Pradesh,Rural,35-44,Female,2246093.63,785543.29,1460550.34,188.0
Telangana,Rural,45-59,Female,1694425.52,239014.92,1455410.6,170.0
Tamil Nadu,Urban,60+,Male,2075570.68,635949.78,1439620.9,191.0
Jharkhand,Rural,45-59,Female,1519295.34,91867.22,1427428.12,194.0
Punjab,Rural,60+,Male,1561375.4700000002,165971.68,1395403.7900000005,157.0
Rajasthan,Rural,15-24,Male,4629865.930000001,3256223.7800000003,1373642.1500000004,441.0
Maharashtra,Rural,35-44,Male,3912027.9,2558082.73,1353945.1700000004,406.0
Madhya Pradesh,Urban,45-59,Female,1716787.56,383068.46,1333719.1,341.0
Kerala,Urban,60+,Female,1543091.54,217916.25,1325175.29,159.0
Chhattisgarh,Rural,35-44,Female,1453871.71,133367.96,1320503.75,149.0
Rajasthan,Rural,35-44,Male,3096799.46,1781564.0699999998,1315235.39,306.0
Gujarat,Rural,25-34,Female,2297514.15,987716.45,1309797.6999999995,250.0
Chhattisgarh,Rural,25-34,Female,2094990.64,786453.6099999999,1308537.0300000005,216.0
Tamil Nadu,Urban,45-59,Male,3225333.33,1917098.78,1308234.55,268.0
Maharashtra,Urban,45-59,Male,5135580.16,3832947.5,1302632.66,474.0
Jharkhand,Rural,25-34,Female,2060234.36,764938.2999999999,1295296.06,248.0
West Bengal,Urban,35-44,Female,2031114.65,742083.0199999999,1289031.6300000004,222.0
Gujarat,Urban,35-44,Female,2367042.7,1088877.4,1278165.2999999998,206.0
Jharkhand,Rural,45-59,Male,1603687.66,338865.77,1264821.89,198.0
Madhya Pradesh,Rural,25-34,Male,4455389.15,3214612.05,1240777.1000000006,408.0
Telangana,Rural,60+,Female,1239291.6099999994,9881.25,1229410.3599999994,116.0
Madhya Pradesh,Rural,15-24,Male,5284261.879999999,4056251.09,1228010.789999999,498.0
Uttar Pradesh,Urban,15-24,Male,4827654.720000001,3610914.43,1216740.290000001,628.0
Assam,Rural,60+,Male,1436314.01,221092.83,1215221.18,153.0
Karnataka,Urban,45-59,Female,2024630.65,821281.18,1203349.4699999995,174.0
Jharkhand,Rural,60+,Female,1199677.29,14715.44,1184961.85,156.0
Maharashtra,Rural,15-24,Male,5546775.94,4366313.45,1180462.4899999993,503.0
Kerala,Urban,45-59,Female,2069731.31,900160.98,1169570.33,212.0
Jharkhand,Rural,15-24,Female,2278938.41,1114398.05,1164540.36,272.0
Chhattisgarh,Rural,60+,Female,1162668.4200000002,0.0,1162668.4200000002,110.0
Odisha,Rural,15-24,Male,2874415.27,1753072.46,1121342.8099999996,232.0
Maharashtra,Urban,25-34,Female,4467238.65,3348233.24,1119005.41,400.0
Andhra Pradesh,Urban,45-59,Female,1737502.73,625351.01,1112151.72,178.0
Haryana,Rural,60+,Female,1131165.5,36784.19,1094381.31,131.0
Chhattisgarh,Rural,15-24,Female,1992654.54,905222.36,1087432.1800000002,213.0
Andhra Pradesh,Rural,25-34,Female,2889410.42,1817772.3,1071638.12,228.0
Punjab,Rural,45-59,Female,1446150.83,375712.19,1070438.64,138.0
Telangana,Rural,35-44,Female,1649522.19,579483.76,1070038.43,157.0
Jharkhand,Rural,60+,Male,1077103.4,16161.07,1060942.3299999998,138.0
Assam,Rural,25-34,Female,2288735.19,1232801.92,1055933.27,249.0
Punjab,Rural,60+,Female,1137884.4699999995,94752.94,1043131.5299999998,119.0
Kerala,Rural,60+,Male,1356003.01,315064.83,1040938.18,105.0
Tamil Nadu,Urban,35-44,Female,2504742.56,1476146.71,1028595.85,233.0
Kerala,Urban,60+,Male,1410927.92,401553.68000000005,1009374.24,148.0
Uttar Pradesh,Urban,35-44,Male,3114902.17,2109057.26,1005844.91,442.0
Chhattisgarh,Rural,60+,Male,1038083.0200000004,33302.32,1004780.7000000004,99.0
Tamil Nadu,Rural,35-44,Male,3101912.7,2098319.19,1003593.5099999998,212.0
Gujarat,Rural,35-44,Male,2198782.64,1195594.9700000002,1003187.67,243.0
Gujarat,Urban,45-59,Male,2946176.6800000006,1943922.12,1002254.5600000008,220.0
Madhya Pradesh,Urban,60+,Female,1145777.7800000005,144171.61,1001606.1700000004,226.0
Assam,Rural,15-24,Female,2765608.42,1772408.92,993199.5,281.0
Odisha,Rural,35-44,Male,2266956.35,1275024.44,991931.91,195.0
Maharashtra,Urban,15-24,Female,4416505.390000001,3429855.0600000005,986650.33,374.0
Odisha,Rural,25-34,Male,2602624.07,1631672.64,970951.43,214.0
Uttar Pradesh,Urban,25-34,Male,4076382.18,3110236.6,966145.5800000004,553.0
Telangana,Rural,60+,Male,1067093.69,103632.49,963461.2,105.0
West Bengal,Urban,25-34,Female,2362360.42,1404305.4,958055.02,249.0
Maharashtra,Rural,25-34,Male,6428689.390000001,5474268.859999999,954420.5300000012,525.0
Telangana,Rural,45-59,Male,1617892.61,677052.77,940839.84,165.0
Tamil Nadu,Rural,25-34,Female,3021924.6099999994,2095176.25,926748.3599999994,197.0
Kerala,Rural,45-59,Female,1757394.86,835294.46,922100.4,138.0
Gujarat,Rural,15-24,Male,3059742.31,2156088.02,903654.29,342.0
Haryana,Rural,45-59,Female,1091303.6399999997,192352.7,898950.9399999997,125.0
Assam,Rural,60+,Female,1006762.73,107939.56,898823.1699999999,104.0
Karnataka,Rural,25-34,Female,2994732.12,2102237.7,892494.4199999999,279.0
Punjab,Rural,35-44,Female,1371104.57,481194.49,889910.0800000001,132.0
Punjab,Rural,45-59,Male,1287549.51,407176.32000000007,880373.19,129.0
Chhattisgarh,Rural,35-44,Male,1636905.98,794252.67,842653.3099999999,171.0
Madhya Pradesh,Urban,35-44,Female,1710585.14,875506.53,835078.6100000001,315.0
Punjab,Rural,25-34,Female,1478356.3,644269.72,834086.5800000001,137.0
Gujarat,Urban,15-24,Female,2554871.4200000004,1726490.24,828381.1800000004,221.0
Madhya Pradesh,Urban,60+,Male,1121593.49,293692.5,827900.99,209.0
Andhra Pradesh,Rural,35-44,Male,2556392.0600000005,1735776.62,820615.4400000004,212.0
West Bengal,Urban,15-24,Female,1883930.28,1066616.91,817313.3699999999,207.0
Karnataka,Urban,60+,Female,1219508.74,403127.98,816380.76,106.0
Rajasthan,Urban,45-59,Female,1183084.87,368625.44,814459.4299999999,243.0
Chhattisgarh,Rural,15-24,Male,1920974.23,1133119.92,787854.31,215.0
Gujarat,Urban,25-34,Female,2501390.44,1763583.04,737807.3999999999,210.0
Maharashtra,Urban,15-24,Male,5121615.16,4387055.16,734560.0,418.0
Rajasthan,Urban,35-44,Female,1226015.59,504905.08,721110.5099999998,269.0
Karnataka,Urban,35-44,Female,2118059.77,1407566.53,710493.24,201.0
Karnataka,Urban,60+,Male,1038411.32,329324.78,709086.54,111.0
Gujarat,Rural,25-34,Male,2789154.2300000004,2084565.01,704589.2200000007,306.0
Assam,Rural,35-44,Male,1991355.85,1287829.29,703526.5599999998,206.0
Karnataka,Rural,35-44,Male,2764025.2800000003,2062884.0200000005,701141.26,259.0
Jharkhand,Rural,35-44,Male,1552245.25,854109.4199999999,698135.8300000001,191.0
Tamil Nadu,Rural,15-24,Male,2619357.19,1927592.14,691765.0499999998,186.0
Bihar,Urban,45-59,Female,820903.9299999999,136528.52,684375.4099999999,206.0
Haryana,Rural,60+,Male,875954.0100000001,193248.36,682705.6500000001,102.0
Haryana,Rural,35-44,Female,1097847.0300000005,415739.14,682107.8900000002,126.0
Rajasthan,Rural,25-34,Male,3693962.05,3017655.1900000004,676306.8599999999,385.0
Madhya Pradesh,Urban,45-59,Male,1912299.95,1244228.84,668071.1100000001,384.0
Tamil Nadu,Rural,15-24,Female,2704627.12,2037449.2,667177.9199999999,194.0
West Bengal,Urban,35-44,Male,2139560.6800000006,1487445.15,652115.5300000007,226.0
Rajasthan,Urban,60+,Female,861475.21,216660.09000000003,644815.1199999999,180.0
Maharashtra,Urban,35-44,Male,4642540.23,4004975.08,637565.1500000004,370.0
Punjab,Urban,60+,Male,826820.35,192406.52,634413.83,127.0
Andhra Pradesh,Urban,60+,Female,693684.9700000001,61122.13,632562.8400000001,75.0
Punjab,Urban,45-59,Female,858187.61,226735.81,631451.8,124.0
Chhattisgarh,Rural,25-34,Male,2025434.24,1394596.19,630838.05,208.0
Karnataka,Rural,15-24,Female,2307375.17,1695957.8199999998,611417.3500000001,235.0
Telangana,Urban,45-59,Female,1112829.21,501547.67999999993,611281.53,142.0
Punjab,Urban,60+,Female,702788.76,91856.84,610931.92,105.0
Kerala,Urban,45-59,Male,1642679.27,1049068.4,593610.8700000001,163.0
Punjab,Rural,15-24,Female,1397185.38,809851.0800000001,587334.3,136.0
Andhra Pradesh,Urban,35-44,Female,1164872.51,584825.46,580047.05,113.0
Jammu & Kashmir,Rural,60+,Male,614140.9399999996,42670.76,571470.1799999996,109.0
Haryana,Rural,45-59,Male,1173573.58,610467.03,563106.55,138.0
Delhi,Urban,45-59,Female,920506.89,362313.85,558193.0400000002,90.0
Madhya Pradesh,Urban,25-34,Female,1854935.11,1297730.36,557204.75,359.0
Assam,Rural,15-24,Male,2781278.25,2232227.3,549050.9500000002,283.0
Kerala,Rural,45-59,Male,1561485.72,1019275.93,542209.79,122.0
Jharkhand,Rural,25-34,Male,1997349.99,1455383.52,541966.4700000002,234.0
Punjab,Urban,45-59,Male,1105449.54,573400.27,532049.27,148.0
Andhra Pradesh,Urban,45-59,Male,1662577.0,1144696.37,517880.6300000001,155.0
Haryana,Rural,25-34,Female,1367878.17,851254.74,516623.42999999993,155.0
Rajasthan,Urban,45-59,Male,1282974.0699999998,766771.78,516202.2899999998,262.0
Telangana,Rural,25-34,Female,1499878.5100000002,985320.94,514557.5700000002,143.0
Rajasthan,Urban,15-24,Female,1334221.5,828621.24,505600.26,289.0
Himachal Pradesh,Rural,60+,Female,553688.5900000001,48814.25,504874.3400000001,68.0
Delhi,Urban,25-34,Female,1574652.47,1073274.9300000002,501377.5399999998,136.0
Bihar,Urban,35-44,Female,806516.66,310271.09,496245.57000000007,204.0
Haryana,Rural,15-24,Female,1222410.8,731647.65,490763.15,145.0
Punjab,Rural,15-24,Male,1639308.71,1153664.56,485644.1499999999,160.0
Jharkhand,Rural,15-24,Male,2037407.33,1555844.9,481562.43000000017,250.0
Punjab,Rural,25-34,Male,1852459.88,1371388.85,481071.03,172.0
Rajasthan,Urban,25-34,Female,1377507.7800000005,897100.71,480407.0700000003,299.0
Bihar,Urban,25-34,Female,967499.32,487500.63,479998.69000000006,269.0
Gujarat,Urban,15-24,Male,3751145.62,3272423.54,478722.0800000001,234.0
Karnataka,Urban,45-59,Male,1954194.56,1477599.84,476594.7199999997,191.0
Punjab,Urban,25-34,Female,1247784.56,773242.07,474542.4900000001,108.0
Tamil Nadu,Urban,35-44,Male,2317962.89,1846705.26,471257.6299999999,200.0
Gujarat,Urban,35-44,Male,2797519.54,2326891.06,470628.48,233.0
Punjab,Rural,35-44,Male,1512404.5699999998,1041877.62,470526.94999999984,130.0
Jammu & Kashmir,Rural,60+,Female,516125.95,46974.630000000005,469151.32,97.0
Andhra Pradesh,Urban,60+,Male,795752.4500000001,329149.69,466602.76000000007,85.0
Rajasthan,Urban,60+,Male,848097.3300000001,382620.71,465476.6200000001,186.0
Delhi,Urban,60+,Female,673081.81,207774.14,465307.67,59.0
Punjab,Urban,35-44,Female,1022752.15,565447.59,457304.56000000006,144.0
Odisha,Urban,45-59,Female,535187.7000000001,89281.06,445906.6400000001,118.0
Assam,Rural,25-34,Male,2708416.78,2264965.44,443451.3399999999,289.0
Haryana,Urban,45-59,Female,660736.04,217343.71,443392.33,97.0
Tamil Nadu,Urban,25-34,Female,2532031.12,2100788.63,431242.4900000002,205.0
Haryana,Urban,35-44,Female,988566.47,562997.9600000001,425568.51,128.0
Haryana,Urban,60+,Female,460803.84,42687.87,418115.97,78.0
Andhra Pradesh,Rural,15-24,Female,1797766.9900000002,1389261.2600000002,408505.73,151.0
Uttarakhand,Rural,45-59,Female,453173.4,49145.25,404028.15,70.0
West Bengal,Urban,15-24,Male,2130918.6,1728196.14,402722.4599999997,214.0
Bihar,Urban,15-24,Female,1059391.4400000002,665801.39,393590.05000000016,261.0
Karnataka,Urban,15-24,Female,2569641.51,2177289.51,392352.0,209.0
Telangana,Urban,60+,Female,542430.65,150961.47,391469.18000000005,76.0
Madhya Pradesh,Urban,15-24,Female,1733149.37,1342476.19,390673.18000000017,329.0
Telangana,Urban,45-59,Male,1254021.59,868305.0299999999,385716.5600000002,160.0
Karnataka,Urban,25-34,Female,2798538.76,2413318.44,385220.31999999983,239.0
Jammu & Kashmir,Rural,45-59,Female,530868.3099999999,147690.77000000002,383177.5399999999,101.0
Delhi,Urban,35-44,Female,1044412.32,661522.1100000001,382890.2099999999,97.0
Rajasthan,Urban,15-24,Male,2175866.45,1794081.2600000002,381785.19,404.0
Telangana,Urban,35-44,Female,1273522.78,893118.3400000001,380404.44,176.0
Uttarakhand,Rural,60+,Female,378538.14,0.0,378538.14,60.0
Delhi,Urban,60+,Male,678469.3200000001,301447.5,377021.82000000007,64.0
Karnataka,Urban,15-24,Male,2110114.98,1739708.86,370406.1200000001,196.0
Bihar,Urban,60+,Male,524377.61,157267.27000000002,367110.34,130.0
Uttarakhand,Rural,60+,Male,421389.66,54498.44,366891.22,63.0
Delhi,Urban,25-34,Male,1897285.2099999995,1533590.38,363694.8299999996,167.0
Jharkhand,Urban,45-59,Female,449574.78,93426.4,356148.38,134.0
Uttarakhand,Rural,35-44,Female,560871.4099999999,204924.14,355947.2699999999,75.0
Bihar,Urban,60+,Female,392584.81,41155.58,351429.23,98.0
Delhi,Urban,45-59,Male,1198285.1199999996,848185.48,350099.63999999966,117.0
Haryana,Urban,45-59,Male,904246.98,557852.6399999999,346394.3400000001,121.0
Haryana,Urban,25-34,Female,1084837.42,738844.1500000001,345993.2699999998,122.0
Tamil Nadu,Urban,15-24,Male,2422694.29,2078470.6000000003,344223.6899999997,179.0
Bihar,Urban,45-59,Male,801770.11,464761.76,337008.35,213.0
Kerala,Rural,35-44,Female,1188632.58,854585.3200000001,334047.26,96.0
Jammu & Kashmir,Rural,35-44,Female,573491.4499999997,244485.22,329006.22999999975,110.0
Odisha,Urban,60+,Female,378083.14,51503.87999999999,326579.25999999995,83.0
Haryana,Urban,60+,Male,460542.6,137087.96,323454.64,76.0
Himachal Pradesh,Rural,60+,Male,464143.14,141302.19000000003,322840.94999999995,61.0
Chhattisgarh,Urban,45-59,Female,396148.64,78373.77,317774.87,189.0
West Bengal,Urban,25-34,Male,2012360.48,1705704.4,306656.0800000001,211.0
Tamil Nadu,Rural,25-34,Male,2762580.9699999997,2457774.16,304806.8099999991,191.0
Jharkhand,Urban,35-44,Female,467025.07000000007,167154.07,299871.00000000006,133.0
Punjab,Urban,25-34,Male,1267760.95,968259.49,299501.46,132.0
Delhi,Urban,35-44,Male,1487077.92,1190438.9300000002,296638.98999999976,131.0
Karnataka,Rural,15-24,Male,2726852.8800000004,2435334.15,291518.73000000045,267.0
Odisha,Urban,35-44,Female,631078.43,343260.52,287817.91000000003,120.0
Madhya Pradesh,Urban,35-44,Male,1683154.48,1398208.9500000002,284945.5299999998,320.0
Punjab,Urban,35-44,Male,1225127.73,943601.45,281526.2799999999,136.0
Maharashtra,Urban,25-34,Male,4736471.690000001,4457004.790000001,279466.9000000004,437.0
Andhra Pradesh,Urban,25-34,Female,1482964.85,1203931.83,279033.02,132.0
Punjab,Urban,15-24,Female,695168.5599999998,416258.4199999999,278910.1399999999,92.0
Haryana,Rural,35-44,Male,1174382.6800000002,896540.12,277842.5600000002,132.0
Jharkhand,Urban,45-59,Male,499120.0700000001,226819.56,272300.5100000001,143.0
Jammu & Kashmir,Rural,45-59,Male,660644.6199999999,397590.45,263054.16999999987,123.0
Tamil Nadu,Urban,15-24,Female,1944287.64,1682269.54,262018.1000000001,180.0
Odisha,Urban,60+,Male,316128.62,54748.97000000001,261379.65,77.0
Jharkhand,Urban,60+,Female,278184.94,23138.56,255046.38,89.0
Telangana,Rural,35-44,Male,1472332.5300000005,1219025.71,253306.8200000003,139.0
Bihar,Urban,35-44,Male,821389.6900000001,569391.95,251997.7400000001,209.0
Odisha,Urban,25-34,Female,591995.03,340291.69999999995,251703.33000000007,124.0
Gujarat,Urban,25-34,Male,3001839.7800000003,2750249.51,251590.27,249.0
Jharkhand,Urban,25-34,Female,563722.6699999999,314054.36,249668.30999999997,166.0
Delhi,Urban,15-24,Female,828395.16,579002.89,249392.27,81.0
Bihar,Urban,15-24,Male,1342382.17,1093360.5699999998,249021.6000000001,327.0
Kerala,Rural,35-44,Male,1064346.27,816215.8400000001,248130.42999999996,84.0
Tripura,Rural,45-59,Female,270650.14,23324.27,247325.87,116.0
Himachal Pradesh,Rural,45-59,Female,471682.06,225123.63,246558.43,80.0
Uttarakhand,Rural,45-59,Male,523120.1,277583.07,245537.03,83.0
Chhattisgarh,Urban,60+,Female,268190.43999999994,22946.76,245243.67999999996,106.0
Assam,Urban,45-59,Female,366149.27,127338.41,238810.86,188.0
Telangana,Urban,60+,Male,494151.81,258604.13,235547.68,67.0
Telangana,Rural,15-24,Female,1279314.33,1044244.84,235069.4900000001,131.0
Haryana,Urban,35-44,Male,977123.47,742644.06,234479.40999999992,129.0
Chhattisgarh,Urban,45-59,Male,418862.7,184454.34,234408.36,189.0
Kerala,Urban,35-44,Female,1087418.98,854357.44,233061.54000000004,112.0
Rajasthan,Urban,25-34,Male,1847444.03,1620160.65,227283.3799999999,340.0
Madhya Pradesh,Urban,15-24,Male,1986063.09,1765076.67,220986.42000000016,401.0
Tripura,Rural,45-59,Male,276750.78,57522.48,219228.30000000005,120.0
Chhattisgarh,Urban,35-44,Female,400602.39,182480.39,218122.0,183.0
Telangana,Urban,15-24,Female,1591260.96,1374481.81,216779.1499999999,148.0
Jammu & Kashmir,Rural,25-34,Female,618248.3499999999,402140.54,216107.80999999988,118.0
Delhi,Urban,15-24,Male,1403450.8699999996,1189553.71,213897.15999999968,115.0
Tripura,Rural,25-34,Female,277685.04,64015.76000000001,213669.28,118.0
Jharkhand,Urban,60+,Male,287567.74,73913.44,213654.3,102.0
Andhra Pradesh,Rural,25-34,Male,2404458.5300000003,2194383.85,210074.68000000017,202.0
Uttarakhand,Urban,15-24,Female,375819.57,167131.29000000004,208688.2799999999,52.0
Chhattisgarh,Urban,25-34,Female,549626.78,342769.05000000005,206857.73,243.0
Chhattisgarh,Urban,60+,Male,234391.14,36226.9,198164.24,100.0
Madhya Pradesh,Urban,25-34,Male,1993387.3,1797064.44,196322.8600000001,400.0
Bihar,Urban,25-34,Male,940268.73,747419.23,192849.5,254.0
Jammu & Kashmir,Rural,35-44,Male,694946.71,503584.9,191361.81,125.0
Uttarakhand,Urban,25-34,Female,367999.25,177160.23000000004,190839.02,66.0
Andhra Pradesh,Rural,15-24,Male,1840383.68,1650664.48,189719.2000000002,154.0
Tripura,Rural,35-44,Female,235794.53000000003,46640.0,189154.53000000003,103.0
Haryana,Urban,15-24,Female,871479.92,684026.27,187453.65,112.0
Telangana,Urban,25-34,Female,1515823.69,1331044.96,184778.73,186.0
Rajasthan,Urban,35-44,Male,1274184.03,1090760.23,183423.80000000005,275.0
Tripura,Rural,15-24,Female,232376.34000000003,49247.19,183129.15,98.0
Haryana,Rural,15-24,Male,1300402.95,1117275.7799999998,183127.17000000016,151.0
Kerala,Urban,15-24,Male,1311797.36,1133210.0799999998,178587.28000000003,136.0
Tripura,Rural,25-34,Male,299442.7899999999,126733.13,172709.65999999992,124.0
Odisha,Urban,15-24,Female,643523.23,477114.16,166409.06999999995,139.0
Uttarakhand,Urban,45-59,Female,250536.51,85497.90999999999,165038.60000000003,51.0
Tamil Nadu,Urban,25-34,Male,2948697.4,2785063.75,163633.6499999999,240.0
Jammu & Kashmir,Rural,15-24,Female,626475.05,463627.13000000006,162847.91999999998,135.0
Tripura,Rural,60+,Male,173353.49000000005,12741.85,160611.64000000004,74.0
Kerala,Rural,25-34,Female,984326.02,826212.5000000002,158113.5199999999,78.0
Assam,Urban,60+,Female,184504.52,28266.47,156238.05000000002,111.0
Meghalaya,Rural,45-59,Female,189062.64,33081.93,155980.71000000002,64.0
Assam,Urban,35-44,Female,351364.09,195905.0,155459.09000000003,173.0
Tripura,Rural,15-24,Male,215598.6600000001,61430.26,154168.40000000008,94.0
Uttarakhand,Rural,15-24,Female,609706.6699999999,456113.93,153592.73999999993,86.0
Assam,Urban,60+,Male,212258.41,61088.5,151169.91,120.0
Tripura,Rural,60+,Female,150593.95000000004,1807.67,148786.28000000003,61.0
Chhattisgarh,Urban,15-24,Male,403333.1,258445.1,144888.0,195.0
Odisha,Urban,45-59,Male,602144.9600000001,457589.25,144555.71000000008,125.0
Chhattisgarh,Urban,15-24,Female,402509.03,258487.44,144021.59000000003,184.0
Haryana,Rural,25-34,Male,1587616.8100000003,1443605.66,144011.15000000014,189.0
Andhra Pradesh,Urban,15-24,Female,1051143.0499999998,907779.29,143363.75999999978,96.0
Jharkhand,Urban,35-44,Male,462484.27,320662.79000000004,141821.47999999998,141.0
Jammu & Kashmir,Urban,45-59,Female,232663.73,91130.04,141533.69,124.0
Himachal Pradesh,Rural,45-59,Male,567436.44,426372.65,141063.78999999998,81.0
Karnataka,Rural,25-34,Male,3285426.99,3145625.02,139801.9700000002,300.0
Telangana,Urban,25-34,Male,1657246.6499999994,1517656.2999999998,139590.34999999963,172.0
Himachal Pradesh,Rural,35-44,Female,448263.14,311590.86,136672.27999999997,62.0
Punjab,Urban,15-24,Male,1131558.14,995029.13,136529.01,149.0
Uttarakhand,Urban,35-44,Female,242531.88,106963.49,135568.39,65.0
Jharkhand,Urban,25-34,Male,575319.97,440160.46,135159.50999999995,162.0
Jharkhand,Urban,15-24,Female,475381.6900000001,342193.31999999995,133188.37000000017,143.0
Tripura,Rural,35-44,Male,220770.01,91283.15,129486.86000000002,95.0
Jammu & Kashmir,Urban,60+,Female,134854.41,6455.46,128398.95,87.0
Meghalaya,Rural,25-34,Female,238462.79,111294.73,127168.06,99.0
Kerala,Urban,15-24,Female,1129425.65,1005590.56,123835.0900000002,114.0
Uttarakhand,Rural,35-44,Male,428003.02,304656.83,123346.19,58.0
Assam,Urban,45-59,Male,346142.94000000006,223503.1,122639.84000000004,189.0
Uttarakhand,Urban,25-34,Male,409064.46,295262.3999999999,113802.06000000006,66.0
Meghalaya,Rural,45-59,Male,165075.68,51781.14,113294.54,65.0
Kerala,Urban,35-44,Male,995843.67,883296.9099999999,112546.76,100.0
Himachal Pradesh,Rural,25-34,Female,451919.69000000006,340116.97000000003,111802.72000000004,63.0
Andhra Pradesh,Urban,35-44,Male,1092009.84,981411.91,110597.92999999992,106.0
Kerala,Rural,15-24,Female,895622.33,786653.51,108968.81999999996,73.0
Himachal Pradesh,Rural,35-44,Male,441504.92,332676.74,108828.18,65.0
Telangana,Urban,15-24,Male,1339244.7100000002,1230887.0499999998,108357.66000000038,135.0
Odisha,Urban,25-34,Male,515565.53,407634.1099999999,107931.42000000004,121.0
Meghalaya,Rural,15-24,Male,248202.39,143291.28000000003,104911.11,101.0
Uttarakhand,Rural,15-24,Male,572798.24,467889.18,104909.06,73.0
Jammu & Kashmir,Rural,15-24,Male,678829.3200000001,575622.4900000001,103206.82999999996,133.0
Chhattisgarh,Urban,35-44,Male,455739.23,355189.36,100549.87,209.0
Odisha,Urban,15-24,Male,763547.26,663049.3400000001,100497.91999999993,140.0
Uttarakhand,Urban,15-24,Male,483133.06,382689.39,100443.66999999998,92.0
Meghalaya,Rural,25-34,Male,262902.06,164633.78999999998,98268.27000000002,104.0
Uttarakhand,Rural,25-34,Female,297849.63,199933.95,97915.68000000002,41.0
Assam,Urban,25-34,Female,392044.29,294193.74,97850.55000000005,189.0
Manipur,Rural,45-59,Female,179671.65999999997,84651.15,95020.50999999998,144.0
Karnataka,Urban,35-44,Male,2076228.26,1981583.8,94644.4600000002,182.0
Haryana,Urban,15-24,Male,1013943.17,921040.53,92902.6399999999,121.0
Uttarakhand,Urban,45-59,Male,214235.9,122118.13,92117.77000000003,58.0
Chhattisgarh,Urban,25-34,Male,496803.54,405165.31000000006,91638.22999999998,216.0
Andhra Pradesh,Urban,25-34,Male,1297249.64,1207210.16,90039.47999999998,120.0
Andhra Pradesh,Urban,15-24,Male,940709.62,851225.75,89483.87,100.0
Haryana,Urban,25-34,Male,1303657.26,1215288.87,88368.3899999999,127.0
Telangana,Rural,15-24,Male,1312036.92,1224089.48,87947.43999999994,137.0
Odisha,Urban,35-44,Male,547649.9199999999,461005.78,86644.1399999999,122.0
Uttarakhand,Urban,60+,Male,113142.24,26539.860000000004,86602.38,28.0
Kerala,Urban,25-34,Female,1038390.02,951951.82,86438.20000000007,112.0
Jammu & Kashmir,Rural,25-34,Male,662385.0999999997,577411.8299999997,84973.27000000002,110.0
Meghalaya,Rural,15-24,Female,213483.17000000004,128704.45,84778.72000000003,86.0
Meghalaya,Rural,35-44,Female,120560.13,36815.15,83744.98000000001,57.0
Manipur,Rural,60+,Male,97032.07,13397.39,83634.68000000001,76.0
Telangana,Urban,35-44,Male,1220636.84,1137184.04,83452.79999999981,171.0
Kerala,Rural,15-24,Male,1073043.6,991899.34,81144.26000000001,85.0
Assam,Urban,35-44,Male,430215.76,351521.57,78694.19,181.0
Jammu & Kashmir,Urban,45-59,Male,238967.95,160979.71,77988.23999999999,135.0
Manipur,Rural,60+,Female,91123.11,14160.51,76962.6,68.0
Jammu & Kashmir,Urban,60+,Male,129962.08,53865.2,76096.88,91.0
Uttarakhand,Urban,60+,Female,95644.19,20325.19,75319.0,29.0
Tripura,Urban,45-59,Female,85001.47,10338.13,74663.34,57.0
Tripura,Urban,15-24,Female,103076.80000000002,31631.09,71445.71000000002,62.0
Arunachal Pradesh,Rural,45-59,Female,88219.12000000001,20216.370000000003,68002.75,136.0
Uttarakhand,Urban,35-44,Male,284785.97,217278.83,67507.13999999996,54.0
Uttarakhand,Rural,25-34,Male,523908.09,456422.65,67485.44,67.0
Puducherry,Urban,45-59,Female,88661.63,22348.5,66313.13,25.0
Tripura,Urban,35-44,Male,82998.11000000002,17855.27,65142.84000000001,43.0
Meghalaya,Rural,60+,Male,80758.68000000001,16411.59,64347.09000000001,34.0
Tripura,Urban,35-44,Female,80271.4,17427.32,62844.08,48.0
Jammu & Kashmir,Urban,35-44,Female,195662.26,133566.87,62095.390000000014,107.0
Telangana,Rural,25-34,Male,1299900.2800000005,1238163.02,61737.26000000024,131.0
Assam,Urban,15-24,Female,387666.88,326481.78,61185.09999999998,176.0
Manipur,Rural,15-24,Female,197186.31,136305.02000000002,60881.28999999998,150.0
Tripura,Urban,25-34,Female,69657.78,8880.95,60776.83,37.0
Arunachal Pradesh,Rural,60+,Male,60705.37999999998,938.13,59767.24999999999,86.0
Tripura,Urban,25-34,Male,84421.16,24989.640000000003,59431.52,44.0
Tripura,Urban,45-59,Male,82507.33000000002,23858.120000000003,58649.210000000014,55.0
Manipur,Urban,60+,Female,66094.08,8129.5,57964.58,82.0
Manipur,Urban,60+,Male,63177.560000000005,9696.570000000002,53480.990000000005,84.0
Tripura,Urban,60+,Female,53262.35999999999,0.0,53262.35999999999,36.0
Kerala,Urban,25-34,Male,952610.97,899460.5900000001,53150.37999999989,98.0
Nagaland,Rural,60+,Male,54784.87,2753.57,52031.3,58.0
Manipur,Rural,25-34,Female,146368.88,94994.59,51374.29000000001,117.0
Manipur,Rural,45-59,Male,188059.31,136691.79,51367.51999999999,148.0
Manipur,Urban,45-59,Female,82926.49999999999,32024.980000000003,50901.51999999998,113.0
Meghalaya,Rural,60+,Female,62642.88,12827.9,49814.98,29.0
Puducherry,Rural,60+,Female,49598.42999999999,0.0,49598.42999999999,14.0
Jammu & Kashmir,Urban,35-44,Male,227323.93,178040.77000000002,49283.15999999997,114.0
Manipur,Rural,15-24,Male,212075.61,163450.21,48625.4,158.0
Nagaland,Rural,45-59,Female,55754.64,7473.27,48281.37,62.0
Puducherry,Rural,60+,Male,50034.38,1875.75,48158.63,11.0
Chandigarh,Urban,45-59,Female,66798.68,19410.120000000003,47388.55999999999,11.0
Nagaland,Rural,60+,Female,49172.05,2639.75,46532.3,57.0
Arunachal Pradesh,Rural,60+,Female,46455.599999999984,0.0,46455.599999999984,69.0
Goa,Rural,60+,Male,46096.01,0.0,46096.01,10.0
Arunachal Pradesh,Rural,45-59,Male,80050.66,34302.62,45748.04,121.0
Manipur,Rural,35-44,Female,134901.09,89497.01000000001,45404.07999999999,108.0
Tripura,Urban,60+,Male,52416.53999999999,7354.51,45062.02999999999,35.0
Himachal Pradesh,Rural,15-24,Male,400295.21,355337.1400000001,44958.06999999995,54.0
Goa,Rural,45-59,Male,84201.27,39518.0,44683.27,19.0
Arunachal Pradesh,Rural,15-24,Male,93499.95,50140.17,43359.78,136.0
Goa,Rural,45-59,Female,60313.9,17112.010000000002,43201.88999999999,14.0
Himachal Pradesh,Rural,15-24,Female,303493.22000000003,262032.22,41461.00000000006,42.0
Arunachal Pradesh,Rural,25-34,Female,94430.77,53082.07000000001,41348.69999999998,132.0
Meghalaya,Rural,35-44,Male,132875.94,92901.29,39974.65,58.0
Himachal Pradesh,Urban,45-59,Female,71477.07,32093.25,39383.82000000001,49.0
Karnataka,Urban,25-34,Male,2764035.84,2724713.27,39322.5700000003,229.0
Assam,Urban,15-24,Male,357437.73,318690.68000000005,38747.04999999993,163.0
D&N Haveli & Daman & Diu,Urban,35-44,Female,50106.31,11508.15,38598.16,16.0
Chandigarh,Urban,35-44,Female,55491.740000000005,19258.56,36233.18000000001,9.0
Nagaland,Rural,45-59,Male,60198.44000000001,24444.65,35753.79000000001,64.0
Arunachal Pradesh,Rural,15-24,Female,75109.95999999999,39432.09,35677.86999999999,132.0
Delhi,Rural,25-34,Female,52634.46000000001,18206.23,34428.23000000001,38.0
Puducherry,Urban,45-59,Male,54959.88,20666.0,34293.88,22.0
Assam,Urban,25-34,Male,409204.4,375111.70000000007,34092.69999999995,179.0
Jammu & Kashmir,Urban,25-34,Female,236398.87,203235.01,33163.859999999986,140.0
Himachal Pradesh,Urban,60+,Female,48795.37,16136.69,32658.680000000004,34.0
Arunachal Pradesh,Rural,35-44,Female,63825.65,31232.340000000004,32593.30999999999,103.0
Goa,Urban,35-44,Female,45924.380000000005,13772.120000000004,32152.26,8.0
Sikkim,Rural,45-59,Female,47448.310000000005,15316.93,32131.380000000005,59.0
Jharkhand,Urban,15-24,Male,536623.21,505095.20000000007,31528.009999999893,179.0
Manipur,Urban,35-44,Female,73517.26999999999,42065.0,31452.26999999999,98.0
Manipur,Rural,25-34,Male,169735.99,139806.24,29929.75,142.0
D&N Haveli & Daman & Diu,Urban,25-34,Female,68986.94,39514.54,29472.4,19.0
Goa,Urban,45-59,Male,62967.62,33794.81,29172.81,10.0
Arunachal Pradesh,Rural,25-34,Male,89825.62,60652.850000000006,29172.76999999999,134.0
Andaman & N. Islands,Rural,45-59,Female,31705.44,3171.81,28533.63,20.0
Delhi,Rural,25-34,Male,73212.47,44724.8,28487.67,51.0
Nagaland,Rural,35-44,Female,63249.22,34982.32,28266.899999999998,74.0
Andaman & N. Islands,Rural,45-59,Male,36208.71,8001.76,28206.95,18.0
Goa,Urban,60+,Female,50973.73999999999,23158.12,27815.61999999999,7.0
Andaman & N. Islands,Rural,35-44,Female,31489.53,3836.63,27652.9,15.0
Tripura,Urban,15-24,Male,53857.26999999999,26290.890000000003,27566.379999999983,36.0
Delhi,Rural,45-59,Female,46002.2,18457.05,27545.15,36.0
Delhi,Rural,45-59,Male,55992.42,28771.48,27220.94,43.0
Arunachal Pradesh,Rural,35-44,Male,73356.64000000001,48235.77,25120.870000000017,110.0
Himachal Pradesh,Urban,60+,Male,55714.43,30758.81,24955.620000000003,34.0
Manipur,Urban,45-59,Male,64003.130000000005,39083.54000000001,24919.59,98.0
Goa,Urban,35-44,Male,73775.5,49159.99999999999,24615.500000000007,11.0
Jammu & Kashmir,Urban,15-24,Male,178214.07,153881.0,24333.070000000007,106.0
Mizoram,Rural,60+,Female,33644.12,9974.2,23669.92,52.0
Sikkim,Rural,45-59,Male,51941.84,28611.81,23330.03,64.0
Manipur,Urban,15-24,Female,80965.42,57857.75,23107.67,97.0
Delhi,Rural,35-44,Female,32301.41,9255.55,23045.86,34.0
Nagaland,Urban,60+,Male,24099.67000000001,1300.0,22799.67000000001,38.0
Nagaland,Urban,45-59,Female,28927.83,6222.04,22705.79,50.0
Sikkim,Rural,60+,Female,23992.810000000005,1825.75,22167.060000000005,30.0
Sikkim,Rural,60+,Male,22285.410000000003,763.25,21522.160000000003,29.0
Manipur,Rural,35-44,Male,128242.81,106873.61,21369.20000000001,100.0
Nagaland,Rural,25-34,Female,69510.43,48351.54,21158.889999999992,66.0
Goa,Rural,35-44,Female,54249.01,33106.26,21142.75,12.0
Nagaland,Rural,15-24,Male,46399.52,25659.45,20740.07,51.0
Mizoram,Urban,60+,Female,28556.800000000003,7970.349999999999,20586.450000000004,58.0
Goa,Rural,15-24,Female,52160.9,31940.650000000005,20220.24999999999,12.0
Delhi,Rural,60+,Female,21515.430000000004,1540.0,19975.430000000004,22.0
D&N Haveli & Daman & Diu,Rural,15-24,Female,25633.52,5782.64,19850.88,22.0
Mizoram,Rural,60+,Male,31009.61,11451.46,19558.15,49.0
Manipur,Urban,25-34,Female,65445.45,45946.89,19498.56,97.0
Nagaland,Rural,35-44,Male,74862.59,55687.37,19175.22,80.0
Nagaland,Urban,35-44,Female,45658.55999999999,26795.31,18863.24999999999,70.0
D&N Haveli & Daman & Diu,Rural,45-59,Female,18833.52,0.0,18833.52,17.0
Nagaland,Urban,60+,Female,18675.87,0.0,18675.87,34.0
Goa,Urban,60+,Male,18565.31,0.0,18565.31,3.0
Chandigarh,Urban,25-34,Male,113651.24,95108.12,18543.12000000001,19.0
Goa,Urban,45-59,Female,50838.05,32337.43,18500.619999999995,8.0
Nagaland,Rural,15-24,Female,43848.81,25441.22,18407.59,48.0
Jammu & Kashmir,Urban,25-34,Male,235081.34,216821.24,18260.10000000001,142.0
Manipur,Urban,15-24,Male,71126.19,52881.3,18244.89,104.0
Puducherry,Rural,45-59,Male,24949.120000000003,7087.88,17861.24,8.0
Chandigarh,Urban,15-24,Female,118977.8,101287.74,17690.059999999998,17.0
Delhi,Rural,15-24,Male,51983.96000000001,34482.11,17501.850000000006,41.0
Mizoram,Rural,45-59,Female,37660.05,20477.92,17182.130000000005,60.0
Himachal Pradesh,Urban,25-34,Female,80765.46,63615.93999999999,17149.52000000002,48.0
Goa,Rural,60+,Female,17066.25,0.0,17066.25,5.0
Himachal Pradesh,Urban,45-59,Male,65901.08,49206.88,16694.200000000004,45.0
Mizoram,Urban,15-24,Male,43347.07999999998,26794.720000000005,16552.359999999975,87.0
Andaman & N. Islands,Rural,60+,Male,16488.38,0.0,16488.38,15.0
Puducherry,Urban,25-34,Male,65190.01,48849.01,16341.0,15.0
Puducherry,Urban,15-24,Female,53212.76,36871.76,16341.0,19.0
Delhi,Rural,15-24,Female,32825.04,16833.96,15991.080000000002,28.0
Nagaland,Urban,45-59,Male,31850.89,15902.59,15948.3,56.0
Andaman & N. Islands,Urban,45-59,Female,19290.83,3466.38,15824.45,13.0
Himachal Pradesh,Urban,15-24,Female,48307.09000000001,32739.2,15567.89000000001,26.0
Nagaland,Rural,25-34,Male,48302.17,32740.82,15561.35,49.0
Goa,Urban,25-34,Female,59732.0,44366.81,15365.190000000002,10.0
Himachal Pradesh,Urban,35-44,Female,64247.380000000005,48925.990000000005,15321.39,42.0
Mizoram,Urban,60+,Male,21331.75,6412.360000000001,14919.39,48.0
Mizoram,Rural,15-24,Female,37838.490000000005,22973.05,14865.440000000006,60.0
Sikkim,Rural,35-44,Female,36494.25,21641.67,14852.579999999998,45.0
Himachal Pradesh,Urban,35-44,Male,70764.75,56456.560000000005,14308.189999999997,38.0
D&N Haveli & Daman & Diu,Rural,45-59,Male,19590.64,5543.76,14046.88,16.0
Jammu & Kashmir,Urban,15-24,Female,124290.99,110326.47,13964.51999999999,104.0
Delhi,Rural,60+,Male,15444.3,2067.25,13377.05,18.0
Chandigarh,Urban,25-34,Female,79110.23999999999,65931.68,13178.559999999998,13.0
Delhi,Rural,35-44,Male,33190.61,20048.07,13142.54,31.0
D&N Haveli & Daman & Diu,Rural,35-44,Female,13531.76,418.0,13113.76,10.0
Puducherry,Rural,45-59,Female,27470.61,14673.18,12797.43,11.0
Andaman & N. Islands,Rural,60+,Female,12604.82,0.0,12604.82,12.0
Mizoram,Urban,45-59,Female,36219.33999999998,23718.480000000003,12500.85999999998,79.0
Puducherry,Rural,35-44,Female,22542.94,10424.26,12118.680000000002,5.0
Mizoram,Rural,35-44,Female,36925.57000000001,24889.5,12036.070000000009,54.0
Mizoram,Rural,15-24,Male,37622.0,25640.160000000003,11981.839999999997,57.0
Goa,Rural,15-24,Male,22935.88,11018.13,11917.75,9.0
Andaman & N. Islands,Rural,15-24,Male,21885.76,10215.62,11670.140000000005,13.0
D&N Haveli & Daman & Diu,Rural,25-34,Female,18581.76,7492.0,11089.760000000002,18.0
Himachal Pradesh,Rural,25-34,Male,405359.54,394770.54,10589.0,49.0
Sikkim,Rural,15-24,Male,44395.81000000001,34133.840000000004,10261.970000000008,55.0
Nagaland,Urban,15-24,Female,42952.99999999999,32749.59,10203.409999999993,60.0
Arunachal Pradesh,Urban,15-24,Female,29657.66,19547.34,10110.32,103.0
Arunachal Pradesh,Urban,45-59,Female,20391.46,10329.32,10062.14,86.0
Himachal Pradesh,Urban,25-34,Male,106614.5,96613.25,10001.25,46.0
D&N Haveli & Daman & Diu,Urban,15-24,Female,36229.68000000001,26322.17,9907.510000000006,13.0
Andaman & N. Islands,Urban,45-59,Male,20551.21,10733.01,9818.2,13.0
Meghalaya,Urban,45-59,Female,31982.41,22362.640000000003,9619.769999999997,49.0
D&N Haveli & Daman & Diu,Urban,15-24,Male,76085.13,66677.88,9407.25,20.0
Nagaland,Urban,15-24,Male,39198.96,29926.73,9272.23,56.0
Goa,Urban,15-24,Female,27579.74,18329.430000000004,9250.309999999998,5.0
Meghalaya,Urban,15-24,Female,58677.49,49592.11,9085.379999999996,80.0
Andaman & N. Islands,Rural,35-44,Male,20213.26,11420.82,8792.440000000002,15.0
Mizoram,Rural,45-59,Male,35107.0,26390.08,8716.919999999998,56.0
D&N Haveli & Daman & Diu,Rural,35-44,Male,15416.88,6718.88,8698.0,13.0
Goa,Rural,25-34,Female,26499.26,17885.010000000002,8614.25,8.0
Mizoram,Urban,35-44,Female,44918.53999999999,36457.05999999999,8461.479999999996,94.0
Sikkim,Rural,15-24,Female,36203.420000000006,27758.070000000007,8445.349999999999,47.0
Mizoram,Rural,25-34,Male,40918.07000000001,32558.64,8359.430000000008,67.0
Meghalaya,Urban,60+,Female,15336.78,6985.9400000000005,8350.84,16.0
D&N Haveli & Daman & Diu,Urban,60+,Female,10206.43,2028.26,8178.17,11.0
Manipur,Urban,25-34,Male,65318.310000000005,57172.12,8146.19000000001,80.0
Goa,Rural,35-44,Male,33567.51,25726.26,7841.25,7.0
Sikkim,Rural,35-44,Male,41174.39,33441.54,7732.8499999999985,53.0
Mizoram,Urban,45-59,Male,36320.26,28780.77,7539.489999999994,80.0
Mizoram,Rural,25-34,Female,37384.13000000001,29886.68,7497.450000000015,62.0
Nagaland,Urban,25-34,Female,42750.77,35296.25,7454.520000000004,61.0
Mizoram,Rural,35-44,Male,31659.42,24254.88,7404.539999999997,48.0
Puducherry,Urban,60+,Female,20281.13,13143.38,7137.749999999998,10.0
Mizoram,Urban,15-24,Female,31748.75000000001,24826.950000000008,6921.800000000003,71.0
Meghalaya,Urban,60+,Male,8248.45,1602.19,6646.26,16.0
Meghalaya,Urban,45-59,Male,23566.880000000005,17171.86,6395.020000000004,40.0
Andaman & N. Islands,Urban,60+,Male,6351.82,0.0,6351.82,4.0
Ladakh,Rural,45-59,Female,6326.870000000001,0.0,6326.870000000001,4.0
Chandigarh,Urban,15-24,Male,65561.68000000001,59330.12,6231.560000000005,10.0
Chandigarh,Urban,60+,Female,6080.0,0.0,6080.0,1.0
Sikkim,Rural,25-34,Female,34426.18000000001,28368.310000000005,6057.870000000003,47.0
Andaman & N. Islands,Urban,25-34,Female,14635.830000000002,8709.95,5925.880000000001,9.0
D&N Haveli & Daman & Diu,Urban,60+,Male,7120.15,1293.01,5827.139999999999,5.0
Arunachal Pradesh,Urban,60+,Female,6453.52,862.6999999999999,5590.820000000001,29.0
Arunachal Pradesh,Urban,60+,Male,8160.01,2599.29,5560.72,37.0
Arunachal Pradesh,Urban,15-24,Male,25280.94,19759.83,5521.110000000001,107.0
Arunachal Pradesh,Urban,35-44,Female,19324.25,13815.44,5508.81,80.0
Manipur,Urban,35-44,Male,55783.51000000001,50328.17,5455.340000000011,81.0
Sikkim,Urban,45-59,Female,16886.89,11512.39,5374.5,36.0
Arunachal Pradesh,Urban,45-59,Male,26569.02,21239.209999999995,5329.810000000001,111.0
Meghalaya,Urban,35-44,Male,28118.140000000003,22807.830000000005,5310.309999999998,51.0
Andaman & N. Islands,Urban,35-44,Female,9927.01,4683.4400000000005,5243.57,6.0
Ladakh,Rural,15-24,Female,7850.640000000001,2616.88,5233.760000000001,6.0
Ladakh,Rural,35-44,Female,5233.76,0.0,5233.76,4.0
Andaman & N. Islands,Rural,25-34,Female,16604.25,11423.62,5180.630000000001,10.0
Andaman & N. Islands,Urban,60+,Female,5166.07,0.0,5166.07,3.0
D&N Haveli & Daman & Diu,Rural,60+,Female,5062.88,0.0,5062.88,6.0
Puducherry,Urban,35-44,Female,10257.0,5392.5,4864.5,13.0
Nagaland,Urban,25-34,Male,46874.52,42110.02,4764.5,64.0
Sikkim,Urban,60+,Female,5329.740000000001,579.67,4750.070000000001,9.0
Mizoram,Urban,25-34,Male,35683.32999999999,30945.390000000007,4737.9399999999805,77.0
Mizoram,Urban,35-44,Male,31467.02,26771.480000000003,4695.539999999997,68.0
Ladakh,Rural,60+,Female,4654.06,0.0,4654.06,3.0
Puducherry,Urban,60+,Male,22008.13,17632.879999999997,4375.25,10.0
Nagaland,Urban,35-44,Male,47759.97,43539.69,4220.279999999992,70.0
Arunachal Pradesh,Urban,25-34,Female,25379.3,21275.79,4103.510000000002,102.0
Goa,Rural,25-34,Male,30920.520000000004,26844.020000000004,4076.5,7.0
Sikkim,Urban,45-59,Male,16577.96,12503.84,4074.119999999999,35.0
Ladakh,Rural,45-59,Male,7270.94,3345.62,3925.3200000000006,5.0
Andaman & N. Islands,Rural,15-24,Female,8924.880000000001,5044.88,3880.000000000001,10.0
Meghalaya,Urban,35-44,Female,30598.790000000005,26751.220000000005,3847.57,51.0
Puducherry,Rural,35-44,Male,28318.51,24567.01,3751.5,8.0
D&N Haveli & Daman & Diu,Urban,45-59,Female,19246.63,15660.09,3586.540000000001,14.0
Andaman & N. Islands,Urban,25-34,Male,17433.27,13878.89,3554.380000000001,11.0
Sikkim,Rural,25-34,Male,42286.75,39039.73,3247.019999999997,54.0
Sikkim,Urban,15-24,Female,30216.090000000004,27110.870000000003,3105.220000000001,42.0
Ladakh,Rural,60+,Male,6326.870000000001,3345.62,2981.250000000001,4.0
Ladakh,Rural,25-34,Female,15999.36,13018.11,2981.25,10.0
Andaman & N. Islands,Urban,35-44,Male,13618.45,10655.51,2962.9400000000005,9.0
Arunachal Pradesh,Urban,35-44,Male,20918.149999999998,18103.259999999995,2814.8899999999994,93.0
Arunachal Pradesh,Urban,25-34,Male,22986.39,20244.97,2741.4199999999983,84.0
Lakshadweep,Urban,60+,Female,2714.24,0.0,2714.24,8.0
Meghalaya,Urban,15-24,Male,56451.61999999999,53796.3,2655.3199999999924,81.0
Ladakh,Rural,15-24,Male,7850.640000000001,5233.76,2616.880000000001,6.0
Sikkim,Urban,60+,Male,5857.660000000001,3370.8900000000003,2486.7700000000004,9.0
Lakshadweep,Urban,60+,Male,2914.62,455.31,2459.31,9.0
Puducherry,Urban,25-34,Female,57080.51,54648.51,2432.0,21.0
Andaman & N. Islands,Urban,15-24,Female,13047.82,10844.69,2203.129999999999,9.0
Sikkim,Urban,35-44,Female,7237.47,5216.04,2021.4300000000003,20.0
Lakshadweep,Urban,45-59,Female,2012.81,0.0,2012.81,6.0
Puducherry,Rural,25-34,Female,30309.57,28433.82,1875.75,9.0
Lakshadweep,Urban,35-44,Female,3559.19,1752.63,1806.56,9.0
Ladakh,Urban,60+,Female,2040.5,318.5,1722.0,9.0
Ladakh,Urban,60+,Male,2409.75,700.0,1709.75,10.0
D&N Haveli & Daman & Diu,Rural,15-24,Male,17026.0,15370.0,1656.0,11.0
D&N Haveli & Daman & Diu,Rural,25-34,Male,12947.52,11291.52,1656.0,13.0
Sikkim,Urban,15-24,Male,16485.840000000004,14831.03,1654.8100000000031,29.0
Ladakh,Urban,45-59,Female,3557.75,2030.0,1527.75,16.0
D&N Haveli & Daman & Diu,Urban,45-59,Male,23574.52,22060.13,1514.3899999999994,17.0
Mizoram,Urban,25-34,Female,28951.240000000005,27494.590000000004,1456.6500000000017,66.0
Lakshadweep,Urban,45-59,Male,2880.63,1537.5700000000002,1343.06,7.0
D&N Haveli & Daman & Diu,Rural,60+,Male,1316.88,0.0,1316.88,3.0
Ladakh,Rural,35-44,Male,8215.010000000002,6906.5700000000015,1308.4400000000005,6.0
Lakshadweep,Rural,60+,Female,1267.89,0.0,1267.89,5.0
Andaman & N. Islands,Urban,15-24,Male,20784.45,19598.7,1185.75,13.0
Lakshadweep,Rural,45-59,Female,1400.88,225.75,1175.13,6.0
Sikkim,Urban,35-44,Male,17030.63,15861.580000000002,1169.0499999999993,33.0
Lakshadweep,Urban,35-44,Male,3601.99,2468.12,1133.87,10.0
Ladakh,Urban,35-44,Female,2919.0,1897.0,1022.0,13.0
Sikkim,Urban,25-34,Male,11883.32,10897.56,985.7599999999984,30.0
Lakshadweep,Rural,35-44,Female,1626.63,677.25,949.38,7.0
Himachal Pradesh,Urban,15-24,Male,73861.06,72959.18000000001,901.87999999999,50.0
Ladakh,Urban,15-24,Male,2068.5,1333.5,735.0,9.0
Sikkim,Urban,25-34,Female,20483.74,19750.66,733.0800000000017,46.0
Lakshadweep,Rural,60+,Male,723.63,0.0,723.63,3.0
Lakshadweep,Urban,15-24,Male,3981.59,3308.9,672.69,13.0
Puducherry,Urban,35-44,Male,42382.88,41710.88,672.0,17.0
Puducherry,Urban,15-24,Male,85971.38,85299.38,672.0,21.0
Lakshadweep,Rural,15-24,Female,1719.3900000000003,1175.13,544.2600000000002,7.0
Lakshadweep,Rural,35-44,Male,1314.27,770.01,544.26,5.0
Meghalaya,Urban,25-34,Male,50234.21999999999,49693.83999999999,540.3799999999974,68.0
Lakshadweep,Rural,45-59,Male,949.38,451.5,497.88,4.0
Lakshadweep,Rural,25-34,Female,1493.64,995.76,497.8799999999999,6.0
Lakshadweep,Urban,15-24,Female,2244.87,1789.56,455.31,6.0
Ladakh,Urban,45-59,Male,3048.5,2609.25,439.25,14.0
Ladakh,Urban,35-44,Male,2658.25,2339.75,318.5,11.0
D&N Haveli & Daman & Diu,Urban,35-44,Male,64960.42999999999,64710.3,250.12999999999735,16.0
Lakshadweep,Rural,25-34,Male,1719.3900000000003,1493.64,225.75000000000043,7.0
Puducherry,Rural,15-24,Female,38792.06,38792.06,0.0,10.0
Puducherry,Rural,15-24,Male,25031.42,25031.42,0.0,8.0
Meghalaya,Urban,25-34,Female,57190.84999999999,57190.84999999999,0.0,57.0
Puducherry,Rural,25-34,Male,18042.57,18042.57,0.0,6.0
Lakshadweep,Urban,25-34,Female,2026.87,2026.87,0.0,7.0
Lakshadweep,Rural,15-24,Male,677.25,677.25,0.0,3.0
Goa,Urban,15-24,Male,33794.81,33794.81,0.0,6.0
Ladakh,Urban,15-24,Female,1256.5,1256.5,0.0,6.0
Lakshadweep,Urban,25-34,Male,3341.19,3341.19,0.0,10.0
Ladakh,Urban,25-34,Male,2912.0,2912.0,0.0,12.0
Ladakh,Urban,25-34,Female,1648.5,1648.5,0.0,8.0
Kerala,Rural,25-34,Male,584958.18,584958.18,0.0,48.0
Ladakh,Rural,25-34,Male,19344.98,19344.98,0.0,12.0
Goa,Urban,25-34,Male,35216.69,35216.69,0.0,7.0
Chandigarh,Urban,60+,Male,11458.5,11458.5,0.0,2.0
Chandigarh,Urban,45-59,Male,74764.23999999999,74764.23999999999,0.0,12.0
Chandigarh,Urban,35-44,Male,76621.92,76621.92,0.0,12.0
D&N Haveli & Daman & Diu,Urban,25-34,Male,91129.5,91129.5,0.0,21.0
Andaman & N. Islands,Rural,25-34,Male,18839.81,18839.81,0.0,12.0
